date,NO2,CO,HCHO,SO2,O3,CH4
2025-08-30 00:00:00+00:00,,,,,,
2025-08-31 00:00:00+00:00,1.1548314489573386e-05,,5.397449149313616e-05,-0.0002915733930421993,0.1155592985451221,
2025-09-01 00:00:00+00:00,1.9894646356988236e-05,0.0283943302929401,9.608294112695148e-05,0.000299103201541584,0.115130390971899,
2025-09-02 00:00:00+00:00,-1.2930792081533582e-07,0.0246137914558251,9.63078455242794e-05,-0.0001845531078288332,0.1149123087525367,1822.120849609375
2025-09-03 00:00:00+00:00,1.6283298009511782e-05,0.0237111924216151,8.24443486067139e-05,0.0003905420562659856,0.1135951150208711,1876.171875
2025-09-04 00:00:00+00:00,1.6437873796348867e-05,,0.00016857067748787813,9.852928269538096e-05,0.1131734456866979,1872.305908203125
2025-09-05 00:00:00+00:00,2.7744752060243627e-05,,0.00023859347857069224,0.0005324321364241769,0.1143265105783939,
2025-09-06 00:00:00+00:00,2.0953222701791677e-05,0.0295047163963317,0.00010758225471363404,4.801850354851922e-05,0.1131567228585481,
2025-09-07 00:00:00+00:00,3.807542088907212e-05,0.0395714454352855,0.00018472473976771653,2.0335557110229278e-05,0.1131318844854831,
2025-09-08 00:00:00+00:00,2.131550536432769e-05,,0.0001312663225689903,-1.5639903722330928e-05,0.1126678641885519,
2025-09-09 00:00:00+00:00,3.2502605790796224e-05,0.0288815842941403,0.00010471737368789036,8.168464273694553e-05,0.1151411775499582,
2025-09-10 00:00:00+00:00,4.824809184356127e-05,0.0246502291411161,9.169427633537452e-05,0.0004134496593906079,0.116628810763359,
2025-09-11 00:00:00+00:00,1.2638631233130582e-05,,-1.5516349776589777e-05,0.0002993794078065548,0.1159580145031213,
2025-09-12 00:00:00+00:00,2.7438352390163345e-05,0.0318747237324714,0.00016062159193097614,0.00010532473424973432,0.1146684661507606,
2025-09-13 00:00:00+00:00,3.337251496304816e-05,0.0316707650199532,0.0002195928609580733,-4.7205770897562616e-05,0.1161997430026531,1834.665954589844
2025-09-14 00:00:00+00:00,3.384883848411846e-05,0.0297836042009294,0.00025021738110808656,0.0001151928081526421,0.1162270531058311,
2025-09-15 00:00:00+00:00,2.8095229936297983e-05,,0.00023344409783021547,0.00010894778279180171,0.1160272359848022,
2025-09-16 00:00:00+00:00,3.543417187756859e-05,0.0288190208375453,0.0002118766806233907,0.0002083925464830827,0.1153558306396007,
2025-09-17 00:00:00+00:00,2.9660081054316837e-05,,7.524822649429552e-05,-7.472423749277368e-05,0.1157549116760492,
2025-09-18 00:00:00+00:00,1.7870957890409045e-05,0.0262599736452102,0.00013344753764007086,8.66664594620185e-05,0.1133597046136856,
2025-09-19 00:00:00+00:00,1.4120904417325164e-05,0.0232712887227535,0.00012437813802534947,-1.401838049730486e-05,0.1133402697741985,1875.5220947265625
2025-09-20 00:00:00+00:00,2.191372368542943e-05,0.0243058614432811,,,,1897.4864501953125
2025-09-21 00:00:00+00:00,2.6572310616757026e-05,0.0279377847909927,0.0002342511324968655,-6.343791937979404e-06,0.1144217625260353,1768.768798828125
2025-09-22 00:00:00+00:00,2.633495842019329e-05,0.0291023557074368,0.00024201943961088543,0.0003846270556095988,0.1143580414354801,
2025-09-23 00:00:00+00:00,4.054716737300623e-05,0.0389778390526771,0.000277702394669177,-3.192213898728369e-05,0.1147694382816553,1806.672607421875
2025-09-24 00:00:00+00:00,3.415579431020888e-05,0.0408949647098779,0.00019528202392393723,0.0002543874361435883,0.1128192916512489,1768.1970825195312
2025-09-25 00:00:00+00:00,1.4188745495857802e-05,0.0248855371028184,0.0001874298027360055,4.551270694719278e-05,0.1127541493624448,
2025-09-26 00:00:00+00:00,2.1075581116747344e-05,0.0336449407041072,5.6573576330265496e-05,-0.00010961243242491037,0.113798588514328,
2025-09-27 00:00:00+00:00,3.1462349397770595e-05,,5.78690833208384e-05,-0.0005450199714687187,0.1170831806957721,
2025-09-28 00:00:00+00:00,9.013388904577369e-06,0.0315685644745826,6.436221036665302e-05,-4.9421190851717256e-05,0.1168895047158002,
2025-09-29 00:00:00+00:00,1.794323543435894e-05,0.0314349389324585,6.25890570518095e-05,4.54638279734354e-05,0.1173984967172145,
2025-09-30 00:00:00+00:00,,,,,,
2025-10-01 00:00:00+00:00,,,,,0.1152955405414104,
2025-10-02 00:00:00+00:00,2.121500529028708e-05,0.0259069148451089,-4.487321348278783e-05,0.0005442444307846017,0.1147751472890377,
2025-10-03 00:00:00+00:00,3.865614962705877e-05,0.0356651842594146,0.0002197078329118085,-0.00018112534394276736,0.1165407039225101,
2025-10-04 00:00:00+00:00,2.1955814872853807e-05,0.0331993239621321,0.0002195155520894332,-6.323998923107865e-05,0.1150482166558504,1872.79150390625
2025-10-05 00:00:00+00:00,1.8010943070597325e-05,0.0315246433019638,0.0002222733528469689,-1.4168763300403953e-06,0.1167371030896902,
2025-10-06 00:00:00+00:00,2.1846955405635526e-05,0.0253380727954208,8.174062250532188e-05,0.0001355992990283994,0.1188317090272903,
2025-10-07 00:00:00+00:00,4.147426989220549e-05,,0.00032139276663656346,0.0004212493295199238,0.1196153499186039,
2025-10-08 00:00:00+00:00,4.703235845227027e-05,,0.0002566566508903634,0.00012336579766270006,0.1178427245467901,
2025-10-09 00:00:00+00:00,2.7929981115448758e-05,0.043283499777317,9.20630536711542e-05,-0.0003053379623452201,0.1189157012850046,
2025-10-10 00:00:00+00:00,2.061090344795957e-05,0.0341437061627705,0.00010398149970569648,6.072038013371639e-05,0.1178296450525522,1898.91845703125
2025-10-11 00:00:00+00:00,,,0.00018630210615810935,2.2296797396847975e-05,0.1130202263593673,
2025-10-12 00:00:00+00:00,1.687605751449217e-05,0.0269938521087169,7.587597610836383e-05,-0.00014252423716243356,0.1142536737024784,
2025-10-13 00:00:00+00:00,2.54297419814975e-05,0.0257021654397249,9.047645562532124e-05,-0.00024626934464322403,0.1167771127074956,
2025-10-14 00:00:00+00:00,2.420280566184374e-05,0.026950167492032,0.00011235907913942356,0.00015582965716021135,0.118841515854001,1811.724853515625
2025-10-15 00:00:00+00:00,2.43519489231403e-05,0.0261619463562965,0.00021014629965065976,-0.00012113468073948752,0.1186187770217657,1828.71728515625
2025-10-16 00:00:00+00:00,2.9085589630994942e-05,0.0281614391133189,0.0001617103880562354,-8.997527402243577e-06,0.1208309587091207,
2025-10-17 00:00:00+00:00,2.0453841443668352e-05,0.0305620059370994,0.0001362242292088922,-0.00013911988935433328,0.120420916005969,1845.318318684896
2025-10-18 00:00:00+00:00,3.183997068845201e-05,,0.0002541438925618422,-0.00024690624013601337,0.1204092055559158,
2025-10-19 00:00:00+00:00,3.7180143408477306e-05,0.0361069394275546,0.000256106006418122,7.484322850359605e-08,0.1160900332033634,
2025-10-20 00:00:00+00:00,3.26288391079288e-05,,0.0002256237803521799,2.125933193989719e-05,0.1162627264857292,
2025-10-21 00:00:00+00:00,3.203674123142264e-05,0.0270501771010458,0.00012296633303776616,-1.6381854948122054e-06,0.1177412997931242,
2025-10-22 00:00:00+00:00,,,,,0.1201505437493324,
2025-10-23 00:00:00+00:00,4.169878229731694e-05,,7.005474026300362e-05,2.5929107550837216e-05,0.1168577708303928,
2025-10-24 00:00:00+00:00,,,,,0.1163270287215709,
2025-10-25 00:00:00+00:00,2.6025063107226742e-05,0.0371583476662635,2.9830640414729714e-05,0.00020838721729887769,0.1167379207909107,
2025-10-26 00:00:00+00:00,4.28348821515101e-05,0.0392197991410891,0.0002818775396917772,-0.00011331172771633646,0.1175598856061697,
2025-10-27 00:00:00+00:00,,,,,0.1161069367080926,
2025-10-28 00:00:00+00:00,,,8.933257049648091e-05,-0.00016746239049325595,0.112409645691514,
2025-10-29 00:00:00+00:00,,,,,0.1179030165076255,
2025-10-30 00:00:00+00:00,3.587388891901355e-05,,0.00022900654100036869,-0.0002595460828160867,0.1184362098574638,
2025-10-31 00:00:00+00:00,9.176842856580457e-06,0.0274663604795932,9.792983473744243e-05,6.648387352470309e-05,0.1150353793054819,
2025-11-01 00:00:00+00:00,,,6.714829396514688e-05,,0.1159796342253685,
2025-11-02 00:00:00+00:00,7.085013294272358e-06,0.0312001816928386,4.307633207645267e-05,0.0001961789539564052,0.1152466535568237,
2025-11-03 00:00:00+00:00,,,,,0.1187340058386325,
2025-11-04 00:00:00+00:00,,,,,0.1172960549592971,
2025-11-05 00:00:00+00:00,,,,,0.1182349231094122,
2025-11-06 00:00:00+00:00,5.4236053983913735e-05,,0.00020709695490950253,0.00040618986046562594,0.1136471275240182,
2025-11-07 00:00:00+00:00,3.111413995308491e-05,0.0264271739870309,0.00014545176782121416,0.00014987778922659345,0.1146362200379371,
2025-11-08 00:00:00+00:00,,,,,0.1158436015248298,
2025-11-09 00:00:00+00:00,,,,,0.1172565352171659,
2025-11-10 00:00:00+00:00,,,,,0.1163553167134523,
2025-11-11 00:00:00+00:00,,,,,0.1167569532990455,
2025-11-12 00:00:00+00:00,,,,,0.1162192691117525,
2025-11-13 00:00:00+00:00,,,,,0.115568982437253,
2025-11-14 00:00:00+00:00,,,,,0.1166673190891742,
2025-11-15 00:00:00+00:00,,,,,0.1172562278807163,
2025-11-16 00:00:00+00:00,,0.032060045748949,0.00039707095129415393,9.334590686194132e-05,0.1165396347641944,
2025-11-17 00:00:00+00:00,,0.0270909294486045,0.0002786991244647652,,0.1157733406871557,
2025-11-18 00:00:00+00:00,4.061223262397107e-05,,0.0002623388390929904,0.00025884232309181243,0.1141219958662986,
2025-11-19 00:00:00+00:00,,,0.0006525525386678055,-0.0006104935891926289,0.1144444681704044,
2025-11-20 00:00:00+00:00,,,,,0.1159214433282613,
2025-11-21 00:00:00+00:00,,0.0304684862494468,,,0.1135260984301567,
2025-11-22 00:00:00+00:00,,,,,0.1181659866124391,
2025-11-23 00:00:00+00:00,,0.0320594729855656,,,0.1140182372182607,
2025-11-24 00:00:00+00:00,,,,,0.1175288762897253,
2025-11-25 00:00:00+00:00,,0.0297851450741291,,,0.1139941792935133,
2025-11-26 00:00:00+00:00,,,,,0.1130960062146186,
2025-11-27 00:00:00+00:00,,,,,0.1172970607876777,
2025-11-28 00:00:00+00:00,2.9600359994219616e-05,0.0289432378485798,,,0.1128078605979681,
2025-11-29 00:00:00+00:00,,0.0305898021906614,,,0.114745769649744,
2025-11-30 00:00:00+00:00,,,,,0.1160928681492805,
2025-12-01 00:00:00+00:00,,,,,0.1164922155439853,
2025-12-02 00:00:00+00:00,6.643715460086241e-05,0.0340882651507854,,,0.1151291020214557,
2025-12-03 00:00:00+00:00,4.498611906456063e-05,0.0314652053639292,0.0003515747739584185,9.851488744061498e-05,0.1167326290160417,
2025-12-04 00:00:00+00:00,,,,,0.1172734014689922,
2025-12-05 00:00:00+00:00,4.4745855120709166e-05,,0.0003458198625594377,-3.306751750642434e-05,0.114890307188034,
2025-12-06 00:00:00+00:00,,,,,0.1157864574342966,
2025-12-07 00:00:00+00:00,2.1308794885044332e-05,,0.00014607995944970753,-5.657428118865937e-05,0.1146331708878278,
2025-12-08 00:00:00+00:00,,0.0246935170143842,,,0.1135445963591337,
2025-12-09 00:00:00+00:00,,,,,0.1169369835406541,
2025-12-10 00:00:00+00:00,5.213915210333653e-05,,0.0003093532141065225,5.04070267197676e-05,0.1167753916233778,
2025-12-11 00:00:00+00:00,,0.0317181348800659,,,0.1152544505894184,
2025-12-12 00:00:00+00:00,3.723640566022368e-05,0.0342659503221511,0.0002304308109160047,8.378304119105451e-05,0.114484304562211,
2025-12-13 00:00:00+00:00,3.977557389589492e-05,0.0340306758880615,0.00034322176361456513,0.00018993389069995223,0.1139068529009819,
2025-12-14 00:00:00+00:00,,,,,0.1173729114234447,
2025-12-15 00:00:00+00:00,4.557944703265093e-05,0.0223386329598724,0.0002646834291226696,0.0001461543215555139,0.1172295156866312,
2025-12-16 00:00:00+00:00,,,,,0.1150462944060564,
2025-12-17 00:00:00+00:00,4.7954634889417015e-05,0.0295860301703214,0.00017175630879743645,0.0003331376271186552,0.1165458895266056,
2025-12-18 00:00:00+00:00,,,,,0.114823704585433,
2025-12-19 00:00:00+00:00,,0.0287918616086244,,,0.1130935810506343,
2025-12-20 00:00:00+00:00,,,0.0001366472885138137,0.0004894666490145028,0.113169627264142,
2025-12-21 00:00:00+00:00,,,5.451552715385333e-05,0.00015847330723772757,0.1140637695789337,
2025-12-22 00:00:00+00:00,,,,,0.1176009010523557,
2025-12-23 00:00:00+00:00,3.995053339167498e-05,0.0271736606955528,0.0002032800402957946,0.0008827907149679959,0.1150335054844617,
2025-12-24 00:00:00+00:00,,,,,0.1156014110893011,
2025-12-25 00:00:00+00:00,,0.0279078129678964,0.00013230279728304595,0.00014053699487703852,0.1158400382846593,
2025-12-26 00:00:00+00:00,,,0.00021705337348976173,,0.1147226225584745,
2025-12-27 00:00:00+00:00,,,0.00031296006636694074,0.00015227744006551802,0.1135182473808527,
2025-12-28 00:00:00+00:00,,,0.00026540912222117186,,0.1148650217801332,
2025-12-29 00:00:00+00:00,3.864776954287663e-05,0.0326293408870697,0.0001670986839599209,0.000969522399827838,0.1132776625454425,
2025-12-30 00:00:00+00:00,3.32179582377042e-05,0.0308148488402366,0.00014308917707239743,0.0004651081981137395,0.1152601633220911,
2025-12-31 00:00:00+00:00,,,,,0.1155747883021831,
2026-01-01 00:00:00+00:00,,,,,0.1159221194684505,
2026-01-02 00:00:00+00:00,4.6345716327778064e-05,,0.0002615227349451743,5.713543941965327e-05,0.1111415978521108,
2026-01-03 00:00:00+00:00,,0.0265196347609162,0.0001713923711577081,,0.1118651628494262,
2026-01-04 00:00:00+00:00,2.0138517053662024e-05,,0.00030710684950463474,0.00030680296185892075,0.1136468537151813,
2026-01-05 00:00:00+00:00,,,,,0.1127298846840858,
2026-01-06 00:00:00+00:00,,,-4.390617868921254e-05,0.00024357384972972795,0.1110006924718618,
2026-01-07 00:00:00+00:00,,,,,0.1144521217793226,
2026-01-08 00:00:00+00:00,,,,,0.113797377794981,
2026-01-09 00:00:00+00:00,,,,,0.1152253318578004,
2026-01-10 00:00:00+00:00,,,,,0.114517880603671,
2026-01-11 00:00:00+00:00,,,0.0002007357106776908,-5.752223296440207e-05,0.1122142281383276,
2026-01-12 00:00:00+00:00,,,,,0.1138086635619402,
2026-01-13 00:00:00+00:00,,0.0245628785341978,,,0.1133027747273445,
2026-01-14 00:00:00+00:00,3.488983869222769e-05,0.024321642704308,8.408655730818282e-05,4.040619114675792e-05,0.1110506579279899,
2026-01-15 00:00:00+00:00,,,,,0.1128842961043119,
2026-01-16 00:00:00+00:00,,,0.00015033311501611024,0.0002293843135703355,0.1119746938347816,
2026-01-17 00:00:00+00:00,,,,,0.1131361331790685,
2026-01-18 00:00:00+00:00,,,,,0.1139912363141775,
2026-01-19 00:00:00+00:00,,0.028255982324481,-5.466775473905727e-05,,0.1152431927621364,
2026-01-20 00:00:00+00:00,2.8724402606409665e-05,0.0298017784953117,0.00022012402769178152,-2.1384011536914237e-05,0.1129395067691803,
2026-01-21 00:00:00+00:00,3.664578252937645e-05,0.020410967990756,0.00012269150738575263,-2.2570192413695626e-05,0.1134160701185464,
2026-01-22 00:00:00+00:00,,,,,0.1135800406336784,
2026-01-23 00:00:00+00:00,,,,,0.11247269064188,
2026-01-24 00:00:00+00:00,,0.0255485125817358,5.926075573370326e-06,,0.1132972445338964,
2026-01-25 00:00:00+00:00,1.6816880815895274e-05,0.0203692689538002,0.00016855623107403517,1.2089132117883612e-05,0.1131087988615036,
2026-01-26 00:00:00+00:00,3.098631350439973e-05,,0.0001149606482613308,5.51305865883478e-05,0.1121652014553546,
2026-01-27 00:00:00+00:00,,0.034024391323328,,,0.1132119391113519,
2026-01-28 00:00:00+00:00,,,,,0.1144411507993936,
2026-01-29 00:00:00+00:00,3.522501174302306e-05,0.0287655810825526,5.581501773122e-05,0.00010071733777294868,0.1136477068066597,
2026-01-30 00:00:00+00:00,2.47842963290168e-05,0.0343755297362804,0.0001872020111477468,8.286997351802938e-05,0.1142968740314245,
2026-01-31 00:00:00+00:00,3.3779136174416635e-05,0.032725865021348,0.00010473749534867238,0.00014426193683902966,0.1133941188454628,
2026-02-01 00:00:00+00:00,,,,,0.1159116141498088,
2026-02-02 00:00:00+00:00,,0.0305254198610782,,,0.1143508628010749,
2026-02-03 00:00:00+00:00,,,,,0.114466730505228,
2026-02-04 00:00:00+00:00,,,,,0.114478213712573,
2026-02-05 00:00:00+00:00,3.557032050593989e-05,0.0298280320130288,0.00017140271665994078,0.00021496869521797635,0.1157937999814748,
2026-02-06 00:00:00+00:00,2.8916157589264916e-05,0.0297634359449148,0.00026246609195368364,2.65163580479566e-05,0.1155442297458648,
2026-02-07 00:00:00+00:00,,,,,0.1132760196924209,
2026-02-08 00:00:00+00:00,,,,,0.115267688408494,
2026-02-09 00:00:00+00:00,,,,,0.1157299298793077,
2026-02-10 00:00:00+00:00,,,,,0.113672450184822,
2026-02-11 00:00:00+00:00,,,,,0.1134708076715469,
2026-02-12 00:00:00+00:00,4.819451714865863e-05,0.0304215596988797,0.000244751190621173,0.00022960471687838435,0.1134925223886966,
2026-02-13 00:00:00+00:00,,,,,0.1136032026261091,
2026-02-14 00:00:00+00:00,,,,,0.1134857162833213,
2026-02-15 00:00:00+00:00,2.977118219860131e-05,0.0349147021770477,0.00019425364610015092,0.00012469350440369453,0.11288333684206,
2026-02-16 00:00:00+00:00,5.672040788340382e-05,,0.00038660360951325856,0.00026209479983663186,0.116163469851017,
2026-02-17 00:00:00+00:00,,,,,0.1161462664604187,
2026-02-18 00:00:00+00:00,,,,,0.1134848427027463,
2026-02-19 00:00:00+00:00,,,,,0.112089205533266,
2026-02-20 00:00:00+00:00,3.662068866105983e-05,0.0277734640985727,0.0001516885363344045,0.00020969151296412747,0.1116695962846279,
2026-02-21 00:00:00+00:00,,,,,0.1132407486438751,
2026-02-22 00:00:00+00:00,,0.0280199199914932,,,0.1130316611379385,
2026-02-23 00:00:00+00:00,,,,,0.1136809047311544,
2026-02-24 00:00:00+00:00,,,,,0.1139412876218557,
2026-02-25 00:00:00+00:00,,,,,0.1118399780243635,
2026-02-26 00:00:00+00:00,,,0.00034814067475963384,0.0002740552481554914,0.1134774852544069,
2026-02-27 00:00:00+00:00,4.183248893241398e-05,0.0202576583251357,0.00018858258166195205,-4.3751253542723134e-05,0.1130390986800193,
2026-02-28 00:00:00+00:00,,,0.0003257455537095666,,0.1142448596656322,
2026-03-01 00:00:00+00:00,,,,,0.1141255889087915,
2026-03-02 00:00:00+00:00,,,,,0.1154033672064542,
2026-03-03 00:00:00+00:00,,,0.00016775165568105876,0.00010157618817174809,0.1131733246147632,
2026-03-04 00:00:00+00:00,3.607913155671364e-05,0.0258127258469661,7.181832188507542e-05,9.7354146419093e-05,0.1129933446645736,
2026-03-05 00:00:00+00:00,3.209102699959961e-05,0.0225422463069359,0.00012331876860116608,-4.446446291694883e-05,0.1134644299745559,
2026-03-06 00:00:00+00:00,,,,,0.1154307182878255,
2026-03-07 00:00:00+00:00,,,,,0.1155644413083791,
2026-03-08 00:00:00+00:00,2.1875958736927718e-05,,0.00021626023954013365,8.168334716174286e-05,0.1127090323716402,
2026-03-09 00:00:00+00:00,,0.0341750718653202,,,0.1120727714151144,
2026-03-10 00:00:00+00:00,,0.0286541348323225,0.0003179732375429012,0.00010154141637030988,0.1138764563947916,
2026-03-11 00:00:00+00:00,,0.021550984121859,,,0.1122853141278028,
2026-03-12 00:00:00+00:00,,0.0291190738789737,0.0001903463174433758,0.00016555486460371563,0.1145249810069799,
2026-03-13 00:00:00+00:00,3.656416447483935e-05,0.0254630800336599,7.983928420192872e-05,0.00033597444416955113,0.1146520413458347,
2026-03-14 00:00:00+00:00,3.6993978937971406e-05,0.0304405610077083,0.0003687734351842664,0.00022139906650409105,0.1154787931591272,
2026-03-15 00:00:00+00:00,,0.0303642526268959,0.00025634489914712805,0.00010980691574028847,0.1158209051936864,
2026-03-16 00:00:00+00:00,4.549590266833548e-05,,0.0001869742845883593,3.739947715075687e-06,0.1161245070397853,
2026-03-17 00:00:00+00:00,,0.0308670252561569,,,0.1139997560530901,
2026-03-18 00:00:00+00:00,,0.0215057674795389,,,0.1131097916513681,
2026-03-19 00:00:00+00:00,2.9374985994460683e-05,,0.0001277534229302546,0.00035973159295584384,0.1132538747042417,
2026-03-20 00:00:00+00:00,,,0.0004252306134731043,0.0004688539556809701,0.1151190381497144,
2026-03-21 00:00:00+00:00,2.7875955614338935e-05,0.0244850901265939,0.00015463919316971442,0.000159470544076612,0.1135166212916374,
2026-03-22 00:00:00+00:00,,,,,0.1149420626461505,
2026-03-23 00:00:00+00:00,3.420095890760422e-05,0.0280134466787179,0.000250343706284184,-5.675949068972841e-06,0.1158866770565509,
2026-03-24 00:00:00+00:00,,,0.0002608586073620245,0.00021536298118007835,0.1162143573164939,
2026-03-25 00:00:00+00:00,4.976696436642669e-05,0.0258235322932402,0.00015081825222296177,1.7916563592734749e-06,0.1173337809741497,
2026-03-26 00:00:00+00:00,5.380945731303655e-05,0.026685847590367,0.0002404856713837944,0.00014849972922093002,0.1162072736769914,
2026-03-27 00:00:00+00:00,4.5887669936443366e-05,0.0277462699450552,0.00018445623572915792,0.0003518418420753733,0.1177653595805168,
2026-03-28 00:00:00+00:00,,,,,0.1159407217055559,
2026-03-29 00:00:00+00:00,3.4736621728370665e-05,0.030386297032237,0.00014023533185536508,0.0005394326435634866,0.1163207069039344,
2026-03-30 00:00:00+00:00,2.890376981667941e-05,0.0280640888959169,5.309711468726164e-05,0.0003803701474680565,0.1166308466345071,
2026-03-31 00:00:00+00:00,3.1766383472131565e-05,,0.00025965402892325073,9.559600039210636e-05,0.1163670141249895,
2026-04-01 00:00:00+00:00,2.251875957881566e-05,0.0261960991968711,0.00015138032449613092,-1.0354073310736568e-05,0.1180431582033634,
2026-04-02 00:00:00+00:00,2.026296624535462e-05,,7.966728207975393e-05,0.00032769243989605457,0.118593692779541,
2026-04-03 00:00:00+00:00,1.7677212326816516e-05,0.028982849791646,0.00021123104306752796,4.066818678438722e-05,0.1172704752534627,
2026-04-04 00:00:00+00:00,,,7.619405126509567e-05,-0.00033227994572371244,0.1170454900711774,
2026-04-05 00:00:00+00:00,2.4916301754274173e-05,0.0266653541475534,0.00018693040692596696,0.00017927249632521125,0.1169698778539896,1883.5302734375
2026-04-06 00:00:00+00:00,1.894531609044255e-05,,9.701816861706902e-05,4.762120988743845e-05,0.1166448201984167,
2026-04-07 00:00:00+00:00,,,,,0.1178901419043541,
2026-04-08 00:00:00+00:00,,0.0345994941890239,0.00019991722365375608,0.00031043870937234413,0.1182210408151149,
2026-04-09 00:00:00+00:00,,,0.00028461095644161105,,0.1188144590705633,
2026-04-10 00:00:00+00:00,4.825189171242528e-05,,0.0002524322601402673,0.0005683500567101873,0.1187376640737056,
2026-04-11 00:00:00+00:00,5.721829074900597e-05,,0.00020822056467295624,0.0006232954619918019,0.1191602777689695,
2026-04-12 00:00:00+00:00,1.413049062648497e-05,0.0279694106429815,0.0002825673436746001,-0.000231728469771042,0.1183958612382412,
2026-04-13 00:00:00+00:00,2.248653800052125e-05,0.0295575112104415,0.00022063122378312985,0.00041735696140676737,0.1169961113482713,
2026-04-14 00:00:00+00:00,2.165061641790089e-05,0.0251669194549322,0.00010568763536866754,4.601976309004385e-05,0.1171806585043668,1848.0438232421875
2026-04-15 00:00:00+00:00,2.427860272291582e-05,0.0274498369544744,0.00015238026207953226,0.00036833361809840426,0.1154318284243345,1841.3123779296875
2026-04-16 00:00:00+00:00,2.4313877474924084e-05,,0.0002517963275749935,0.0009229234419763088,0.1168971881270408,
2026-04-17 00:00:00+00:00,2.2887954401085157e-05,0.0291939843446016,0.00015079733202583157,0.00026690274171414785,0.116921404376626,
2026-04-18 00:00:00+00:00,3.7115521990926936e-05,0.0334285032004118,0.00011324953629809896,0.0004547476419247687,0.1174981817603111,
2026-04-19 00:00:00+00:00,3.4045511711156e-05,0.0282806493341922,0.00021384249339462255,8.592048561695265e-05,0.1196363363415002,
2026-04-20 00:00:00+00:00,2.987263769682613e-05,0.0309349987655878,0.00015716254711151123,0.00018217329034087013,0.1175075750797987,
2026-04-21 00:00:00+00:00,5.235574008111144e-05,0.0288693029433488,0.00022968545818002892,0.00029859567803214304,0.1160779669880867,
2026-04-22 00:00:00+00:00,,,,,0.1166586652398109,
2026-04-23 00:00:00+00:00,4.334062092918128e-07,,1.352131675957935e-06,4.225171687721741e-05,0.1145596411079168,
2026-04-24 00:00:00+00:00,1.149929168775543e-05,0.0276464913040399,0.00010842651789744195,-0.00015745121163490694,0.1170952413231134,
2026-04-25 00:00:00+00:00,1.4331179613691347e-05,0.026887122541666,2.9155197807995137e-05,0.0001568550978845451,0.1183136533945798,
2026-04-26 00:00:00+00:00,2.3937452624522848e-05,0.0174857545644044,0.00015456595065188594,0.0001852470959420316,0.1166055593639612,1875.7318115234373
2026-04-27 00:00:00+00:00,,,,,0.1166763827204704,
2026-04-28 00:00:00+00:00,2.376843895035563e-05,0.0220075659453868,7.121420276234858e-05,0.00019028771203011277,0.1151761636137962,
2026-04-29 00:00:00+00:00,-1.2541297564894194e-06,,-3.37029914589948e-05,-0.00014921047841198742,0.1178254000842571,
2026-04-30 00:00:00+00:00,,,0.0004296017383846144,0.00010931944173838322,0.1156853940337896,
2026-05-01 00:00:00+00:00,,0.0213310346007347,,,0.1150293406099081,
2026-05-02 00:00:00+00:00,4.468190945772221e-05,,0.0001327465943177231,0.0006598872787435539,0.1156891714781522,
2026-05-03 00:00:00+00:00,3.317839264127542e-05,0.0258347131311893,0.0001805624269763939,0.00026833120682567824,0.1179806906729936,
2026-05-04 00:00:00+00:00,4.287025740268291e-05,,0.00019430253087193705,0.0001292321546770836,0.1184219047427177,
2026-05-05 00:00:00+00:00,1.3923868891652091e-05,0.0254630111157894,,,,
2026-05-06 00:00:00+00:00,2.035526642885088e-05,0.0273155653849244,0.0002039717583102174,0.0002421229146420956,0.1190907843410968,1870.1385498046875
2026-05-07 00:00:00+00:00,3.762811593333026e-05,0.0283130779862403,0.00014807846673647873,0.0001123502749464933,0.117931954562664,
2026-05-08 00:00:00+00:00,2.4734826183703262e-05,0.0301351491361856,0.00022756189719075337,0.0003823227307293564,0.1164703592658042,
2026-05-09 00:00:00+00:00,1.465806781197898e-05,,0.000186303504051466,0.0008773286535870284,0.1166573520749807,
2026-05-10 00:00:00+00:00,2.7923719244427048e-05,0.0330580621957778,0.00017340422346023843,0.0004027595532534178,0.1164349466562271,
2026-05-11 00:00:00+00:00,1.7102956036296746e-05,0.0282870754599571,7.058926439640345e-05,0.000167081398103619,0.1155798230320215,1868.28662109375
2026-05-12 00:00:00+00:00,3.501555238472065e-05,0.0284325163811445,7.8717104770476e-05,0.0002739559204201214,0.1151450872421264,1839.4236246744792
2026-05-13 00:00:00+00:00,2.847662881322321e-05,0.0286821071058511,0.00010624853894114494,9.861471698968673e-05,0.1152560915797948,1853.5162353515625
2026-05-14 00:00:00+00:00,4.180537780484883e-05,0.0218379981815814,5.343260681911488e-05,-0.0003625387034844607,0.1130382623523473,
2026-05-15 00:00:00+00:00,3.84943186872988e-05,,0.00015293863179977052,-1.1170948710059749e-05,0.1155026964843273,
2026-05-16 00:00:00+00:00,4.3842113276089854e-05,0.0301766134798526,0.00019262993009760976,0.00015984660876711132,0.1152814272791147,
2026-05-17 00:00:00+00:00,5.401234011515044e-05,0.0248046820051968,0.0003026373403069253,0.00044731326731077087,0.116455202922225,
2026-05-18 00:00:00+00:00,4.409005123306997e-05,0.0251944325864315,0.0002463517776050139,0.00042617464714567177,0.1167476177215576,
2026-05-19 00:00:00+00:00,4.254959640093148e-05,0.034049835987389,9.322505866293795e-05,0.00013761710215476342,0.1156572010368108,
2026-05-20 00:00:00+00:00,1.908474587253295e-05,,9.29505786189111e-05,2.1360727259889245e-05,0.1166430339217186,
2026-05-21 00:00:00+00:00,2.1899662897340025e-05,0.0251769299308458,0.00012941930322085682,0.00020608232443919405,0.1173674948513507,
2026-05-22 00:00:00+00:00,5.078186040918808e-05,0.033099270115296,0.0002242973932879977,0.0007224553555715829,0.1158529911190271,
2026-05-23 00:00:00+00:00,4.413921669765841e-05,0.0305598322302103,0.0002531753852963448,0.000554575672140345,0.1171723548322916,
2026-05-24 00:00:00+00:00,4.416704541654326e-05,0.0305694192647933,0.0002001651007503824,0.001905465935124,0.1172814648598432,
2026-05-25 00:00:00+00:00,6.666802801191807e-05,0.0312624312937259,0.0001178321872430388,0.0010952339216601,0.1167204286903142,
2026-05-26 00:00:00+00:00,3.72154872820829e-05,,0.0002215797285316512,-6.2025637816987e-05,0.1158754713833332,
2026-05-27 00:00:00+00:00,3.2743491829023696e-05,0.0381509251892566,0.00020105281419091625,0.00024200110783567647,0.1165367159992456,1888.2894287109373
2026-05-28 00:00:00+00:00,4.360891762189567e-05,0.0269131939858198,0.0002520359594200272,7.391342205664841e-05,0.118409302085638,
2026-05-29 00:00:00+00:00,4.9880485676112585e-05,,0.00023069584131008011,0.00023709308879915625,0.1179674752056598,1897.7071533203125
2026-05-30 00:00:00+00:00,,0.0301866172812879,0.0001388737218803726,0.00018235457779762024,0.1178557947278022,
2026-05-31 00:00:00+00:00,2.727264654822648e-05,0.0304031930863857,0.00023427286578225903,-2.827992466336582e-05,0.1166095621883869,
2026-06-01 00:00:00+00:00,2.643454331519024e-05,0.0355781316757202,0.00025204486155416816,-0.0001875978596217465,0.1164382360875606,
2026-06-02 00:00:00+00:00,5.3245767958287615e-05,0.0308998748660087,0.0001833408268794301,0.0001798777088879433,0.1162588316947221,
2026-06-03 00:00:00+00:00,3.706047482410213e-05,,0.00010729427594924346,-0.0002905857390942401,0.1149671617895364,
2026-06-04 00:00:00+00:00,9.973234773497096e-05,,0.00024735298939049244,0.00021310592910595003,0.1163609884679317,
2026-06-05 00:00:00+00:00,4.48180489911465e-05,0.0255964696407318,5.0989621740882285e-05,4.4563363189809024e-05,0.1173912920057773,
2026-06-06 00:00:00+00:00,,0.0197092676535248,0.00017236357962246984,-6.810566901549464e-05,0.1168506052345037,
2026-06-07 00:00:00+00:00,3.389322682778584e-05,0.0253457222133874,0.00011868114904700632,-0.00010067340190289542,0.1164564564824104,1824.573201497396
2026-06-08 00:00:00+00:00,3.281791850895388e-05,0.0302292201668024,0.00025422445105505176,0.00037927682569716126,0.1183855962008237,1901.0757446289065
2026-06-09 00:00:00+00:00,5.864306149305776e-05,0.0362365022301673,0.00012648891288336017,0.00013265435700304806,0.1185359582304954,1781.2679036458333
2026-06-10 00:00:00+00:00,3.5954906707047485e-05,0.0314886956475675,0.0001248099833901506,0.0006992157286731526,0.118012748658657,
2026-06-11 00:00:00+00:00,3.187049878761172e-05,0.0316273272037506,9.741014309838648e-05,-0.00011331964560667984,0.1173783279955387,1878.3064880371091
2026-06-12 00:00:00+00:00,,,,,0.1116031669080257,
2026-06-13 00:00:00+00:00,2.29409387202395e-05,0.0217448975890874,3.954331293698488e-05,-5.366775440052152e-06,0.1122934278100729,
2026-06-14 00:00:00+00:00,2.9097792776155984e-05,0.0277620013803243,0.00016930052152019923,-6.909820513101295e-06,0.1099160593003034,1912.7777099609373
2026-06-15 00:00:00+00:00,4.0404860556009226e-05,,0.00010759401811810676,-0.00010091557589930744,0.1125669684261083,
2026-06-16 00:00:00+00:00,2.4558706172683745e-05,0.0261659659445285,5.22276804986177e-05,0.0001843323479988612,0.1151309106498956,
2026-06-17 00:00:00+00:00,3.671177455544239e-05,0.0269913244992494,0.00015315965538320597,-0.0001755571720423177,0.115818902850151,1903.8719482421875
2026-06-18 00:00:00+00:00,1.822675994844758e-05,0.0294273607432842,0.00021709816428483464,0.00015953629144860315,0.1160722021013498,1902.7188720703125
2026-06-19 00:00:00+00:00,3.930023285647621e-05,0.0288344770669937,0.0003137090025120415,0.0008988403133116663,0.1176969613879919,1919.6241455078125
2026-06-20 00:00:00+00:00,2.2962836737860925e-05,,0.0001242340040334966,0.0004832729318877682,0.1190607659518718,
2026-06-21 00:00:00+00:00,2.5690421807667008e-05,,7.293315593415173e-05,0.0002963814949907828,0.1192304957658052,
2026-06-22 00:00:00+00:00,1.9077229012509637e-05,0.0296155884861946,0.00016871179832378402,0.00016823120677145198,0.1183176171034574,
2026-06-23 00:00:00+00:00,,0.0326821797837813,0.00015272890414053109,0.0004832327108488244,0.1174345761537551,
2026-06-24 00:00:00+00:00,2.9449250405377825e-05,0.0298848077654838,0.0001612435808056034,6.518640202557435e-05,0.1150606255978345,
2026-06-25 00:00:00+00:00,2.471442348905839e-05,0.031299777328968,0.000149196512211347,0.00011559710583242122,0.116344403475523,
2026-06-26 00:00:00+00:00,4.2818025349333766e-05,,-0.0001392467156620114,-0.0003089940073550679,0.1152515150606632,
2026-06-27 00:00:00+00:00,2.6779594918480143e-05,,0.00018024223572865597,3.688324932227261e-05,0.1123600546270608,
2026-06-28 00:00:00+00:00,3.0118808354018256e-05,0.0352137461304664,0.0001553968168082065,0.0013044180668657,0.1149587016552686,1892.211669921875
2026-06-29 00:00:00+00:00,4.302665456634713e-05,0.0329587440937757,0.0003836386895272881,0.0005790090654045343,0.1164043880999088,1895.63671875
2026-06-30 00:00:00+00:00,5.30258384969784e-05,0.0412996560335159,0.00026866009284276515,0.0002170862935599871,0.1163773909211158,1939.131591796875
2026-07-01 00:00:00+00:00,2.913329859666192e-05,,0.00012195669387438102,0.0006426780710171442,0.1166942287236452,
2026-07-02 00:00:00+00:00,5.627987320622197e-05,0.0329302586615085,0.00013030417176196352,0.0004878995205217507,0.1161038614809513,
2026-07-03 00:00:00+00:00,4.481423820834607e-05,0.0335648134350776,0.00035682115048985,0.0008455387142021209,0.116999115794897,1911.7244873046875
2026-07-04 00:00:00+00:00,3.3710752404658706e-05,0.023940835148096,-3.083183037233539e-05,0.00016969750868156552,0.1170163284987211,1908.4166259765625
2026-07-05 00:00:00+00:00,2.5544541585986732e-05,0.0306888557970523,0.00016515670358785428,0.000460072935311473,0.1164399720728397,
2026-07-06 00:00:00+00:00,2.7670374038279988e-05,,,,,
2026-07-07 00:00:00+00:00,4.4563024857779965e-05,0.0326094813644886,0.000135460488309036,0.00014838442075415514,0.1163183152675628,
2026-07-08 00:00:00+00:00,3.383242938070907e-05,0.0345922177657485,0.0002255640683870297,0.00048580962902633473,0.1181321535259485,
2026-07-09 00:00:00+00:00,4.515881300903857e-05,0.0319693372584879,0.00014099103827902582,0.00060425357605709,0.119344362989068,1870.671875
2026-07-10 00:00:00+00:00,2.318091037523118e-05,0.0301724895834922,0.00028563119485625066,0.0003299083800811786,0.1181057561188936,1882.5308227539065
2026-07-11 00:00:00+00:00,,,0.0002459959719089966,6.651328749285312e-05,0.1163044199347496,
2026-07-12 00:00:00+00:00,4.3375673158152495e-05,0.031979882158339,0.00011426970559114125,-7.311693298106547e-05,0.1164799965918064,
2026-07-13 00:00:00+00:00,2.1216116238065297e-05,0.0346842594444751,0.000292500497380388,0.0003271216555731371,0.1178693436086177,
2026-07-14 00:00:00+00:00,2.6685770535550543e-05,0.0268903132528066,0.00011874420306412504,8.576331538279192e-06,0.1168499216437339,
2026-07-15 00:00:00+00:00,1.2607333019332144e-05,0.022985940799117,-4.6605782699771225e-06,-0.00012567734211188508,0.1161772981286048,
2026-07-16 00:00:00+00:00,3.92704723708448e-05,,0.00023403889554174384,3.670180740300566e-05,0.1149496305733919,
2026-07-17 00:00:00+00:00,3.1291061986848945e-05,,0.00023146601051848847,0.0003535441319399979,0.1159753315150737,
2026-07-18 00:00:00+00:00,2.651512613738305e-05,0.0306238224729895,0.00012727856301353313,0.0005468475337693235,0.1149569172412157,
2026-07-19 00:00:00+00:00,2.340381342946785e-05,0.0358193926513195,0.00027118497018818744,0.0004370050761887493,0.1165540907531976,
2026-07-20 00:00:00+00:00,3.3090175444764704e-05,0.0339647531509399,0.0002551701763877645,0.00010145767828362295,0.1151902433484792,
2026-07-21 00:00:00+00:00,4.031586831843015e-05,0.0322196213528513,0.00014482419161746898,-1.7023866045443963e-05,0.1137003973126411,
2026-07-22 00:00:00+00:00,3.908360304194503e-05,,3.467842134341481e-05,3.271798414061777e-05,0.1132757496088743,
2026-07-23 00:00:00+00:00,,0.0355306714773178,0.00020849595603067428,0.0001983945767278783,0.1158396080136299,
2026-07-24 00:00:00+00:00,3.666042175609618e-05,0.0319696054793894,0.000290541589492932,0.000473517732189066,0.1168874986469745,
2026-07-25 00:00:00+00:00,4.138077156312647e-05,0.0284727411344647,0.000211174965443206,0.0004244935926180915,0.1190974004566669,1865.8800659179688
2026-07-26 00:00:00+00:00,1.6015494566090638e-05,0.0282188421115279,0.00021221732004050864,9.307061372965109e-05,0.121064132079482,1877.857177734375
2026-07-27 00:00:00+00:00,,,0.00022583738124618927,0.00017269604722969234,0.1176513042300939,
2026-07-28 00:00:00+00:00,2.8467499305406815e-05,,0.00013508753181667998,-0.0003074227424804121,0.1204772517085075,
2026-07-29 00:00:00+00:00,2.639722151798196e-05,0.0383081622421741,0.0002585009751783218,0.00031127007059694733,0.120447389781475,
2026-07-30 00:00:00+00:00,3.2420138268207666e-05,0.03831247985363,0.0002559800814196933,-2.3305041395360604e-05,0.1202667355537414,
2026-07-31 00:00:00+00:00,2.9470907065842766e-05,0.035832405090332,0.00019594307741499503,-3.0772618629271165e-05,0.1196398232132196,1804.90380859375
2026-08-01 00:00:00+00:00,1.8592274500406347e-05,,0.0001806115669751307,0.00015723500109743327,0.1192988213151693,1854.9957275390625
2026-08-02 00:00:00+00:00,2.667410086587552e-06,0.0270062759518623,8.555851945857285e-05,0.00023586202587466687,0.1198032889515161,
2026-08-03 00:00:00+00:00,2.1204164113441948e-05,0.026569103822112,0.00013816037971992046,-9.095346376852832e-05,0.1195616386830806,
2026-08-04 00:00:00+00:00,1.8616876332089305e-05,0.0286422576755285,9.994035281124523e-05,7.208284182524949e-05,0.1181579921394586,
2026-08-05 00:00:00+00:00,7.288255346793448e-06,0.0276343440636992,0.000192402896573185,0.000196571361811948,0.1181297115981578,
2026-08-06 00:00:00+00:00,2.525708805478644e-05,,7.629967103639501e-05,-5.086123928776942e-05,0.1205745469778776,
2026-08-07 00:00:00+00:00,2.1662985545845004e-05,,0.00020176572616037447,-8.982115559774684e-05,0.1221065949648618,
2026-08-08 00:00:00+00:00,3.536629446898587e-05,,0.00015779180102981627,-0.00016975837934296578,0.1204393729567527,
2026-08-09 00:00:00+00:00,2.2656509372609435e-05,0.0294537562876939,0.0003592340290197171,0.00010300969370291568,0.1212205551564693,
2026-08-10 00:00:00+00:00,3.700134993778192e-05,0.0388454534113407,0.0003491406350804027,0.0006986844673519954,0.1219060719013214,
2026-08-11 00:00:00+00:00,3.365391376064508e-05,0.0428504440933465,0.00023029785734252076,0.0008925837901188061,0.1223562713712453,
2026-08-12 00:00:00+00:00,3.079478847212158e-05,0.031791478395462,0.0001527960566818365,0.00021417367315734737,0.1208289936184883,1912.8492431640625
2026-08-13 00:00:00+00:00,3.33592870447319e-05,0.0275712013244628,0.00017973689773498336,-0.00012722259998554364,0.1177516877651214,
2026-08-14 00:00:00+00:00,5.730134307668777e-05,0.0428563505411148,0.0002095369236485567,8.266808436019346e-05,0.1180709190666675,1751.6155192057292
2026-08-15 00:00:00+00:00,2.610213778098114e-05,0.0371422264724969,0.0002515264386602212,0.0001138329753302969,0.1198258511722087,1833.2674560546875
2026-08-16 00:00:00+00:00,1.3033527352490635e-05,0.028189237229526,7.88525885582203e-05,0.00014247261424316093,0.1192584652453661,1896.4110107421875
2026-08-17 00:00:00+00:00,1.5921124941087328e-05,,0.00015842575339775067,2.591745032987092e-05,0.1215474959462881,1868.12890625
2026-08-18 00:00:00+00:00,2.824696684911032e-05,0.0266361888498067,0.00010982428193528904,0.0001099098326449166,0.1210680101066827,
2026-08-19 00:00:00+00:00,1.857154620665824e-05,0.0236778277903795,0.0002424980993964709,0.0007137191423680633,0.1211839094758033,
2026-08-20 00:00:00+00:00,1.766423463323008e-05,0.0260994047857821,0.00013404230230662506,0.0005293502545100637,0.1215152163058519,1878.3568929036455
2026-08-21 00:00:00+00:00,2.1972969534544973e-05,0.0271419314667582,0.00014877941669055872,4.505051037995145e-05,0.1220313515514135,1865.58740234375
2026-08-22 00:00:00+00:00,1.0322517937311204e-05,,0.0002399053337285295,1.707468618405983e-05,0.121334757655859,1873.48193359375
2026-08-23 00:00:00+00:00,2.527717333578039e-05,0.0313543863594532,9.575200783729088e-05,0.0001594709901837632,0.1207787133753299,1750.54052734375
2026-08-24 00:00:00+00:00,3.796600321948063e-05,0.0344937592744827,8.96584151632851e-05,0.00029933521364000626,0.1210311632603406,
2026-08-25 00:00:00+00:00,2.214264532085508e-05,0.0300600286573171,0.00021033952361904085,5.1264277317386586e-05,0.1209267247468233,1873.0408935546875
2026-08-26 00:00:00+00:00,2.7021256755688228e-05,0.030865654349327,9.895432322082344e-05,0.000196161669009598,0.1201983764767646,
2026-08-27 00:00:00+00:00,3.1396743906952906e-05,0.0373852513730526,0.00022530442038259932,-6.703610415570438e-05,0.1187366694211959,1904.9222005208333
2026-08-28 00:00:00+00:00,3.466635052973288e-05,0.0414921147748827,0.0003876381742884405,-1.848885221988894e-05,0.1168846990913152,
2026-08-29 00:00:00+00:00,2.680207461480677e-05,0.0359707698225975,9.036167784870486e-05,5.160061118658632e-05,0.1158208437263965,
2026-08-30 00:00:00+00:00,2.6873744445765624e-05,,7.27549027033092e-05,0.0001022035839923774,0.1153135225176811,
