date,NO2,CO,HCHO,SO2,O3,CH4
2025-08-30 00:00:00+00:00,,,,,,
2025-08-31 00:00:00+00:00,1.1548314489573386e-05,,5.397449149313616e-05,-0.0002915733930421993,0.1155592985451221,
2025-09-01 00:00:00+00:00,1.572148042328081e-05,0.0283943302929401,7.502871631004382e-05,3.7649042496923357e-06,0.11534484475851056,
2025-09-02 00:00:00+00:00,1.0437884308582094e-05,0.0265040608743826,8.212175938145568e-05,-5.9007766443149506e-05,0.11520066608985262,1822.120849609375
2025-09-03 00:00:00+00:00,1.1899237733814516e-05,0.0255731047234601,8.220240668777024e-05,5.337968923413427e-05,0.11479927832260722,1849.1463623046875
2025-09-04 00:00:00+00:00,1.2806964946321386e-05,0.0255731047234601,9.947606084779182e-05,6.240960792638361e-05,0.11447411179542537,1856.8662109375
2025-09-05 00:00:00+00:00,1.5296596131975093e-05,0.0255731047234601,0.0001226622971349419,0.00014074669600934916,0.11444951159258678,1856.8662109375
2025-09-06 00:00:00+00:00,1.610468564194889e-05,0.026556007641678002,0.00012050800536046933,0.00012749981137208773,0.11426482748772412,1856.8662109375
2025-09-07 00:00:00+00:00,1.8851027547839294e-05,0.0291590952003995,0.00012853509716137523,0.00011410427958935543,0.11412320961244399,1856.8662109375
2025-09-08 00:00:00+00:00,1.9124858416338004e-05,0.0291590952003995,0.00012883856665111025,9.968825922139028e-05,0.11396150456534487,1856.8662109375
2025-09-09 00:00:00+00:00,2.0462633153783826e-05,0.029112843382689633,0.00012642644735478826,9.78878975729458e-05,0.11407947186380621,1856.8662109375
2025-09-10 00:00:00+00:00,2.2988583943763594e-05,0.02847532706246484,0.00012326897726211428,0.00012657533046546052,0.11431122994558374,1856.8662109375
2025-09-11 00:00:00+00:00,2.2126087884544177e-05,0.02847532706246484,0.00011170353334222227,0.00014097567024388505,0.11444846199204518,1856.8662109375
2025-09-12 00:00:00+00:00,2.253472361574565e-05,0.028900251646215663,0.00011546646092597257,0.00013823329055202732,0.11446538538886945,1856.8662109375
2025-09-13 00:00:00+00:00,2.33088515691244e-05,0.029208086465519836,0.00012290406092826549,0.00012498764330562802,0.11458926807556828,1851.316146850586
2025-09-14 00:00:00+00:00,2.401151736345734e-05,0.029265638239060792,0.00013139161560692022,0.00012433465429542896,0.11469845374425248,1851.316146850586
2025-09-15 00:00:00+00:00,2.426674939925988e-05,0.029265638239060792,0.00013776989574587617,0.00012337297482645226,0.11478150263428684,1851.316146850586
2025-09-16 00:00:00+00:00,2.4923656603866274e-05,0.02922503665710484,0.00014212911838572996,0.0001283741261003717,0.1148152866345994,1851.316146850586
2025-09-17 00:00:00+00:00,2.518679129555797e-05,0.02922503665710484,0.0001384135132806503,0.00011709088367853029,0.11486748802579107,1851.316146850586
2025-09-18 00:00:00+00:00,2.480174743212908e-05,0.028977948072780285,0.00013815214614167241,0.00011548959819345071,0.1147881310041013,1851.316146850586
2025-09-19 00:00:00+00:00,2.4267705281388884e-05,0.028538974276624378,0.00013746344573585626,0.00010901419925891294,0.11471573794260617,1856.1573364257813
2025-09-20 00:00:00+00:00,2.415561091967653e-05,0.028236609074242715,0.00013746344573585626,0.00010901419925891294,0.11471573794260617,1863.0455220540364
2025-09-21 00:00:00+00:00,2.426546090590746e-05,0.02821668745535938,0.00014207238320066624,0.00010352096158287044,0.11470173911324565,1849.5774187360491
2025-09-22 00:00:00+00:00,2.4355439058702498e-05,0.028272041721114218,0.00014661543121931257,0.00011629851131135811,0.11468611649152903,1849.5774187360491
2025-09-23 00:00:00+00:00,2.503009440513182e-05,0.028901794505323798,0.00015231486441278494,0.00010985413521141717,0.11468973917805626,1844.2143173217773
2025-09-24 00:00:00+00:00,2.53951224013349e-05,0.029568081738910137,0.0001541051627257496,0.00011587635608359096,0.1146118038644393,1835.7679578993057
2025-09-25 00:00:00+00:00,2.4964107904970397e-05,0.0293216320212211,0.00015543814832615985,0.00011306181011813503,0.11453749768435952,1835.7679578993057
2025-09-26 00:00:00+00:00,2.482008839429547e-05,0.029537797455365406,0.0001516356647878562,0.00010449741617417176,0.11450907810089676,1835.7679578993057
2025-09-27 00:00:00+00:00,2.5057312001562438e-05,0.029537797455365406,0.0001481628284372259,8.044121663184247e-05,0.1146044152340403,1835.7679578993057
2025-09-28 00:00:00+00:00,2.4504073274080195e-05,0.029634500646756698,0.00014516994922041975,7.580327350742963e-05,0.11468602557267457,1835.7679578993057
2025-09-29 00:00:00+00:00,2.428537867942282e-05,0.029716338750652237,0.00014232233224908836,7.475708573039535e-05,0.11477955906041733,1835.7679578993057
2025-09-30 00:00:00+00:00,2.472458778941763e-05,0.029716338750652237,0.00014547761227608663,8.784031711513087e-05,0.11475171122167786,1835.7679578993057
2025-10-01 00:00:00+00:00,2.489708569771868e-05,0.02977929153435281,0.00014730704454086942,8.001576584007705e-05,0.11475760942058899,1835.7679578993057
2025-10-02 00:00:00+00:00,2.5659382598115193e-05,0.02984086883860442,0.00014207811642949657,0.00010700826727020426,0.1147527107968926,1837.4738464355469
2025-10-03 00:00:00+00:00,2.6458413013027586e-05,0.03041010654516631,0.00014716194918153712,8.5835400595806e-05,0.11485791040052255,1831.945556640625
2025-10-04 00:00:00+00:00,2.6655482337188475e-05,0.03053688915502839,0.0001490487963890021,7.984394608001121e-05,0.11492486650656374,1832.014927455357
2025-10-05 00:00:00+00:00,2.6307846301843967e-05,0.030579834987503843,0.00014844434728812346,6.007176042244759e-05,0.11501095909625289,1832.014927455357
2025-10-06 00:00:00+00:00,2.6339765326981246e-05,0.03039867657007293,0.0001474872497989267,6.331549358836908e-05,0.11521363717370796,1832.014927455357
2025-10-07 00:00:00+00:00,2.6461152791378866e-05,0.029981732530745087,0.000152549028571847,7.816415182576518e-05,0.11544518951060513,1832.014927455357
2025-10-08 00:00:00+00:00,2.7379611830233958e-05,0.029981732530745087,0.0001571931148059719,8.331251113632188e-05,0.11563000595197079,1832.014927455357
2025-10-09 00:00:00+00:00,2.7216303806114406e-05,0.030636365052707667,0.00015672443628683352,6.897834057772316e-05,0.11576481037107958,1832.014927455357
2025-10-10 00:00:00+00:00,2.6229261363414346e-05,0.03106788673551014,0.0001571795186338825,5.591429319783828e-05,0.11580769730997933,1840.3778686523438
2025-10-11 00:00:00+00:00,2.6732618034906338e-05,0.03106788673551014,0.00016465427626109356,4.5651974293775066e-05,0.11570277630484525,1840.3778686523438
2025-10-12 00:00:00+00:00,2.63414219284e-05,0.030846028934430388,0.00016151554974914496,3.647238275999107e-05,0.11568796228883517,1840.3778686523438
2025-10-13 00:00:00+00:00,2.604724515130553e-05,0.030574728953510922,0.00015673346066274674,2.9099657806448056e-05,0.11570858263543671,1841.193856375558
2025-10-14 00:00:00+00:00,2.5689984676406464e-05,0.030445936375833763,0.00015162759762687034,3.060472628820988e-05,0.1158019563050142,1837.5102310180664
2025-10-15 00:00:00+00:00,2.5551344638882106e-05,0.03025967594020171,0.00015076471621281273,2.2083153564828797e-05,0.11589451134204862,1836.5332370334202
2025-10-16 00:00:00+00:00,2.531621196308308e-05,0.03023108543045274,0.00014890670537699214,1.403166934685375e-05,0.11609005163024576,1836.5332370334202
2025-10-17 00:00:00+00:00,2.4975240125651656e-05,0.030244873784896348,0.00015116507584790313,1.1646645203833023e-05,0.1162566946420286,1837.4117451985676
2025-10-18 00:00:00+00:00,2.549261097002362e-05,0.030418130312708788,0.00015563531121537617,-7.07899225723713e-07,0.11650846253282254,1837.4117451985676
2025-10-19 00:00:00+00:00,2.634665685858481e-05,0.030976202082482748,0.00016051412115584922,-1.8592797661969557e-07,0.11660666836957843,1833.1772619176793
2025-10-20 00:00:00+00:00,2.6743512985344044e-05,0.03127939938426464,0.00016283946612714675,5.799741632559074e-07,0.11659480830461812,1825.138613382975
2025-10-21 00:00:00+00:00,2.6945899304405735e-05,0.031239053580176146,0.0001588650090036075,7.480315362261647e-07,0.11670927510693152,1833.191444033668
2025-10-22 00:00:00+00:00,2.69693970307216e-05,0.03134080109792564,0.000155785215277412,-1.346971009612097e-05,0.11690901656602988,1833.191444033668
2025-10-23 00:00:00+00:00,2.7013689912425854e-05,0.030958949200188067,0.0001480945614105167,-1.1327071335449826e-05,0.11698102803322773,1837.6112501356336
2025-10-24 00:00:00+00:00,2.6728005736514534e-05,0.030436001015467548,0.00014627965900615433,-2.1546860084643595e-05,0.11710198448392847,1851.494083658854
2025-10-25 00:00:00+00:00,2.720145844096929e-05,0.031081938413543606,0.00014021815276302836,-1.5282455840348026e-05,0.11723935591249626,1851.494083658854
2025-10-26 00:00:00+00:00,2.80718304823598e-05,0.03137535201549002,0.0001488836898153942,-1.54247364284798e-05,0.11736905581221493,1851.494083658854
2025-10-27 00:00:00+00:00,2.7930558860884353e-05,0.03137535201549002,0.00015252427407517645,5.759072973129759e-06,0.1173353922264329,1851.494083658854
2025-10-28 00:00:00+00:00,2.875304451115857e-05,0.03136461798998488,0.00015352308848036954,1.0374249874682107e-06,0.11718091432904372,1851.494083658854
2025-10-29 00:00:00+00:00,2.9244399469194915e-05,0.03136048146395702,0.00015731200645655954,-8.13675136947089e-07,0.11719831156319582,1851.494083658854
2025-10-30 00:00:00+00:00,2.9532638140926163e-05,0.03136048146395702,0.0001601797878383119,-1.1162971444112673e-05,0.11723957483967143,1851.494083658854
2025-10-31 00:00:00+00:00,2.8684480004078425e-05,0.03114414140927014,0.00015778555887289384,-8.17655432992745e-06,0.1172309027984738,1851.494083658854
2025-11-01 00:00:00+00:00,2.9009239774243266e-05,0.03145221356010315,0.0001620940783901221,-3.027339373450862e-05,0.11727105236301817,1851.494083658854
2025-11-02 00:00:00+00:00,2.763658167281777e-05,0.031189566350304565,0.0001553005591272238,-1.5181221818541717e-05,0.11722791735082862,1851.494083658854
2025-11-03 00:00:00+00:00,2.7894798345543405e-05,0.031063956499565344,0.00015273195940873543,-1.3178773176352677e-05,0.11735077699025469,1846.169728597005
2025-11-04 00:00:00+00:00,2.8365458120540835e-05,0.031033244046072116,0.00014983440134880903,-1.369015999575756e-05,0.11736940871924158,1846.169728597005
2025-11-05 00:00:00+00:00,2.8691383256286103e-05,0.031440041992547206,0.00015279500042896064,-2.0476044496855604e-05,0.11734951585531231,1846.169728597005
2025-11-06 00:00:00+00:00,2.9329472460871515e-05,0.031440041992547206,0.0001478256173103928,-2.1160565817505504e-05,0.11715057510882612,1846.169728597005
2025-11-07 00:00:00+00:00,2.8533561535912244e-05,0.031105850792179455,0.00014299062239434284,-1.9955475291873985e-05,0.11704369162519769,1846.169728597005
2025-11-08 00:00:00+00:00,2.8565328926462953e-05,0.030236018721812485,0.00014530551188176048,-6.365833051238456e-06,0.11694128829985853,1846.169728597005
2025-11-09 00:00:00+00:00,2.9007241453046476e-05,0.02993542738020033,0.0001472733219853826,-9.720143710486198e-06,0.11692218463867898,1828.5868191189231
2025-11-10 00:00:00+00:00,2.9007241453046476e-05,0.02993542738020033,0.00014532188277674625,-1.1405245874030102e-05,0.1170333543171485,1828.5868191189231
2025-11-11 00:00:00+00:00,2.972084050825555e-05,0.030180558652823947,0.0001489769304961348,-4.1208574691187985e-06,0.1171167969703674,1828.5868191189231
2025-11-12 00:00:00+00:00,2.998903416617793e-05,0.03058768530856023,0.00015222695687784667,1.0123171188181509e-05,0.11709820218384263,1828.5868191189231
2025-11-13 00:00:00+00:00,3.037478273313354e-05,0.03095143709021305,0.00015457212615657744,1.0165158149296435e-06,0.1169891177366177,1837.0178019205723
2025-11-14 00:00:00+00:00,3.080498514813306e-05,0.03148360272731489,0.00015109874031319728,9.159928918557455e-06,0.11692406913886463,1845.318318684896
2025-11-15 00:00:00+00:00,3.093724634175907e-05,0.03189887317906439,0.00015039129713032806,1.0456890084328956e-05,0.11680491144458448,1845.318318684896
2025-11-16 00:00:00+00:00,3.1810863416599965e-05,0.03208612815554559,0.00016778107860267885,2.706158981406286e-05,0.116675535403192,
2025-11-17 00:00:00+00:00,3.180821730097705e-05,0.03153110607699658,0.0001694180940628737,4.813603827176103e-05,0.11652100657423332,
2025-11-18 00:00:00+00:00,3.212022541147648e-05,0.030959126908176822,0.00016983361624119827,6.804122903047709e-05,0.1164554053296645,
2025-11-19 00:00:00+00:00,3.206936404183125e-05,0.030959126908176822,0.00019829553346223998,1.9444850481821242e-05,0.11639479671915368,
2025-11-20 00:00:00+00:00,3.2072988798543316e-05,0.031517548309195544,0.00020367619063541668,2.1201770146540697e-05,0.11633413483699158,
2025-11-21 00:00:00+00:00,3.2072988798543316e-05,0.03138641555172695,0.00020367619063541668,2.1201770146540697e-05,0.11611331999301906,
2025-11-22 00:00:00+00:00,3.0869764611196615e-05,0.03138641555172695,0.00021395476374098694,2.077201220069556e-05,0.11615692718575393,
2025-11-23 00:00:00+00:00,3.0869764611196615e-05,0.03146119971104236,0.00021395476374098694,2.077201220069556e-05,0.11607996746897693,
2025-11-24 00:00:00+00:00,3.1561864826049456e-05,0.030749056216639713,0.00022929844068484169,2.010491690877347e-06,0.11610633265227074,
2025-11-25 00:00:00+00:00,2.9683028605139345e-05,0.029569724458269712,0.0002245185225933021,1.4824071625012215e-05,0.1159874757751822,
2025-11-26 00:00:00+00:00,2.9683028605139345e-05,0.029569724458269712,0.0002245185225933021,1.4824071625012215e-05,0.11588711142539973,
2025-11-27 00:00:00+00:00,2.9683028605139345e-05,0.029569724458269712,0.00023803711780298422,3.7609879389795736e-05,0.11605002526193853,
2025-11-28 00:00:00+00:00,2.9671218803579385e-05,0.02950011483497083,0.00023803711780298422,3.7609879389795736e-05,0.11588018673161661,
2025-11-29 00:00:00+00:00,2.8637440451007024e-05,0.02960908357053989,0.00023904051522549707,8.006073113349323e-05,0.11575717205802595,
2025-11-30 00:00:00+00:00,3.252955996989234e-05,0.02984716391397841,0.0002566793502865039,8.232354073495825e-05,0.11579242168615257,
2025-12-01 00:00:00+00:00,3.252955996989234e-05,0.02984716391397841,0.0002837552154752692,8.232354073495825e-05,0.11580950773010647,
2025-12-02 00:00:00+00:00,4.439998823121035e-05,0.0301680620759725,0.0003238683627084053,5.955245809066887e-05,0.1158055893455942,
2025-12-03 00:00:00+00:00,4.44976767034354e-05,0.030297776404768172,0.00032782642145840716,6.604619631565989e-05,0.11573887678484115,
2025-12-04 00:00:00+00:00,4.44976767034354e-05,0.030297776404768172,0.00032782642145840716,6.604619631565989e-05,0.11573812166849767,
2025-12-05 00:00:00+00:00,4.4533130763045935e-05,0.030297776404768172,0.000330075601596036,5.188709434107643e-05,0.1156266344711184,
2025-12-06 00:00:00+00:00,4.29159768929013e-05,0.030297776404768172,0.0003476439796941122,-7.163366679681833e-06,0.11569794546812769,
2025-12-07 00:00:00+00:00,4.128175271489454e-05,0.030727843340072312,0.00034773372135532554,-4.157204508222397e-05,0.1156978438297907,
2025-12-08 00:00:00+00:00,4.128175271489454e-05,0.0301244107075035,0.00034773372135532554,-4.157204508222397e-05,0.1156212103242675,
2025-12-09 00:00:00+00:00,4.128175271489454e-05,0.0301244107075035,0.00034773372135532554,-4.157204508222397e-05,0.11561055860171711,
2025-12-10 00:00:00+00:00,4.283280977038625e-05,0.0301244107075035,0.00034293615794922516,-2.843217768193946e-05,0.11562456109871462,
2025-12-11 00:00:00+00:00,4.283280977038625e-05,0.03026929472319099,0.00034293615794922516,-2.843217768193946e-05,0.11557447767506039,
2025-12-12 00:00:00+00:00,4.213325925661593e-05,0.03060234935643767,0.0003304355638344229,-1.4405275322815214e-05,0.115516645523409,
2025-12-13 00:00:00+00:00,4.187129421653582e-05,0.030866066781947192,0.0003317141838124371,8.299076457492279e-06,0.1154612412055333,
2025-12-14 00:00:00+00:00,4.187129421653582e-05,0.030866066781947192,0.0003317141838124371,8.299076457492279e-06,0.115484760950009,
2025-12-15 00:00:00+00:00,4.224210949814733e-05,0.03025696436608471,0.0003256204788406401,2.208460096729444e-05,0.1154838705435395,
2025-12-16 00:00:00+00:00,4.224210949814733e-05,0.03011826579817207,0.00031847543159528867,1.4166678090111455e-05,0.11543409253160156,
2025-12-17 00:00:00+00:00,4.2761429988262755e-05,0.030310196622919526,0.0003077811500285558,4.606377299296583e-05,0.11545984415958323,
2025-12-18 00:00:00+00:00,4.297634972469192e-05,0.030310196622919526,0.00031283029568806306,2.242171187087176e-05,0.11548323445022103,
2025-12-19 00:00:00+00:00,4.297634972469192e-05,0.030201744121898442,0.00027036501531559526,0.00010153612450380933,0.11543820487956201,
2025-12-20 00:00:00+00:00,4.297634972469192e-05,0.030201744121898442,0.0002555074901153973,0.0001446395161161086,0.1153464776774247,
2025-12-21 00:00:00+00:00,4.297634972469192e-05,0.030181225496702414,0.0002354082938192429,0.0001460228952282705,0.1153644000490506,
2025-12-22 00:00:00+00:00,4.297634972469192e-05,0.030181225496702414,0.0002354082938192429,0.0001460228952282705,0.11534556386371449,
2025-12-23 00:00:00+00:00,4.270127551259947e-05,0.029805393782086045,0.00023248754349892943,0.0002130017879318819,0.11537940613925454,
2025-12-24 00:00:00+00:00,4.270127551259947e-05,0.029805393782086045,0.00023248754349892943,0.0002130017879318819,0.1153151572992404,
2025-12-25 00:00:00+00:00,4.270127551259947e-05,0.029660983620068145,0.0002241388146476058,0.00020696305517731162,0.11537668593227861,
2025-12-26 00:00:00+00:00,4.270127551259947e-05,0.029660983620068145,0.00022359378071238703,0.00020696305517731162,0.1154309064770738,
2025-12-27 00:00:00+00:00,4.270127551259947e-05,0.029660983620068145,0.00022997708683056942,0.00020275646939948134,0.11530494603017963,
2025-12-28 00:00:00+00:00,4.4011367064437455e-05,0.02972079576769218,0.00023233922252327625,0.00020275646939948134,0.11537351806958514,
2025-12-29 00:00:00+00:00,4.352376728975011e-05,0.0298907573257262,0.00022826168886306655,0.00025752546443007826,0.1153245811661084,
2025-12-30 00:00:00+00:00,4.2664949868746284e-05,0.029961841288380846,0.00022325154111067425,0.0002713643133423223,0.11529682433853543,
2025-12-31 00:00:00+00:00,4.2664949868746284e-05,0.029961841288380846,0.00022325154111067425,0.0002713643133423223,0.11526624343047535,
2026-01-01 00:00:00+00:00,4.050384034764482e-05,0.02961797263318047,0.00022325154111067425,0.0002713643133423223,0.11529267734537517,
2026-01-02 00:00:00+00:00,4.0627440098846407e-05,0.029450042384930583,0.0002179543623451893,0.0002686056834742582,0.11510630963991082,
2026-01-03 00:00:00+00:00,4.0627440098846407e-05,0.029205841749596048,0.0002153675850569959,0.0002686056834742582,0.11492603501925863,
2026-01-04 00:00:00+00:00,3.839040936547848e-05,0.029205841749596048,0.00021321686210950684,0.0002912637154319479,0.11488458657016354,
2026-01-05 00:00:00+00:00,3.839040936547848e-05,0.029205841749596048,0.00021321686210950684,0.0002912637154319479,0.11478270081182318,
2026-01-06 00:00:00+00:00,4.009857081352189e-05,0.029205841749596048,0.0002026620766573446,0.00031127359082650706,0.11466161819795764,
2026-01-07 00:00:00+00:00,4.009857081352189e-05,0.029616053089160762,0.0002026620766573446,0.00031127359082650706,0.11469186904529728,
2026-01-08 00:00:00+00:00,4.009857081352189e-05,0.029616053089160762,0.0002026620766573446,0.00031127359082650706,0.1145872155204415,
2026-01-09 00:00:00+00:00,3.876072844798694e-05,0.029616053089160762,0.00019638612739562828,0.0003299069168341313,0.11453554686158891,
2026-01-10 00:00:00+00:00,3.876072844798694e-05,0.02940584491007025,0.00019638612739562828,0.0003299069168341313,0.11451099452873066,
2026-01-11 00:00:00+00:00,3.895126879645734e-05,0.02886583319761682,0.0001946393567933745,0.0003198136829658844,0.11443532531460122,
2026-01-12 00:00:00+00:00,3.883351092510912e-05,0.028220227861311238,0.0001853529563670501,0.00032980443621710996,0.11443205233663316,
2026-01-13 00:00:00+00:00,3.883351092510912e-05,0.02781385571385419,0.0001853529563670501,0.00032980443621710996,0.11429638111342982,
2026-01-14 00:00:00+00:00,3.730642401933437e-05,0.02803419012990259,0.00017406565187864467,0.00032166996464720566,0.11409041918814178,
2026-01-15 00:00:00+00:00,3.730642401933437e-05,0.02803419012990259,0.00017406565187864467,0.00032166996464720566,0.11401835257808363,
2026-01-16 00:00:00+00:00,3.553172220765393e-05,0.027840210124850242,0.0001727267022673118,0.00031368894052810414,0.11386597938835616,
2026-01-17 00:00:00+00:00,3.553172220765393e-05,0.027840210124850242,0.0001727267022673118,0.00031368894052810414,0.11380972700814401,
2026-01-18 00:00:00+00:00,3.553172220765393e-05,0.027704259912882504,0.0001727267022673118,0.00031368894052810414,0.11383964885026214,
2026-01-19 00:00:00+00:00,3.553172220765393e-05,0.027773225214332314,0.00016076951206400736,0.00029904079815423756,0.11390876770019528,
2026-01-20 00:00:00+00:00,3.455924797890475e-05,0.02799862002333002,0.00017112004334762787,0.00028405268825635075,0.1138712922732035,
2026-01-21 00:00:00+00:00,3.482006479771371e-05,0.02723985482007262,0.0001682713059381058,0.00026046631282019336,0.11373179790874317,
2026-01-22 00:00:00+00:00,3.4087140712862105e-05,0.027247209722797042,0.00016608326004075025,0.00020860594597454314,0.11368334908038373,
2026-01-23 00:00:00+00:00,3.4087140712862105e-05,0.027247209722797042,0.00016608326004075025,0.00020860594597454314,0.11357905839880303,
2026-01-24 00:00:00+00:00,3.4087140712862105e-05,0.026985065235445867,0.00015818471493389552,0.00021479403243795266,0.11349429860711094,
2026-01-25 00:00:00+00:00,3.192835822574125e-05,0.0263234856072813,0.0001551536435329126,0.00019790195741128022,0.11344050448387857,
2026-01-26 00:00:00+00:00,3.182368659003664e-05,0.0263234856072813,0.000142778679901312,0.0001898063862881827,0.11339540295302863,
2026-01-27 00:00:00+00:00,3.182368659003664e-05,0.02702356794510373,0.000134603317079988,0.0001898063862881827,0.11334030019740259,
2026-01-28 00:00:00+00:00,3.097067622093164e-05,0.026462990650907132,0.00013228221944570708,0.00011892311233003221,0.11337908313920098,
2026-01-29 00:00:00+00:00,3.1221557909096496e-05,0.026258063875138727,0.0001260483509213373,8.579667048086941e-05,0.1133253345886866,
2026-01-30 00:00:00+00:00,3.0506306622420975e-05,0.0269960153170607,0.00013012526160309789,8.555277906729941e-05,0.11328273744632796,
2026-01-31 00:00:00+00:00,3.083358957762054e-05,0.027473502792417975,0.0001285385262121963,9.006886812666328e-05,0.11319847075889504,
2026-02-01 00:00:00+00:00,2.911001993871415e-05,0.027473502792417975,0.00011967291229666443,9.281332051891411e-05,0.11335747130215164,
2026-02-02 00:00:00+00:00,2.911001993871415e-05,0.027807318217431477,0.00011597866523516132,9.281332051891411e-05,0.11344032796720659,
2026-02-03 00:00:00+00:00,3.0231457799345662e-05,0.027807318217431477,0.00010127649721443259,7.335971676073169e-05,0.11346765719354149,
2026-02-04 00:00:00+00:00,3.0231457799345662e-05,0.027807318217431477,0.00010127649721443259,7.335971676073169e-05,0.11352593482782439,
2026-02-05 00:00:00+00:00,3.082466476674502e-05,0.027962757740169732,0.00011783871993359823,7.075924816875427e-05,0.11368570507814482,
2026-02-06 00:00:00+00:00,3.063381404899701e-05,0.028091377611937234,0.00012816924650646148,6.707234065868779e-05,0.11372210867702957,
2026-02-07 00:00:00+00:00,3.063381404899701e-05,0.028091377611937234,0.00012816924650646148,6.707234065868779e-05,0.1137047300736109,
2026-02-08 00:00:00+00:00,3.063381404899701e-05,0.028091377611937234,0.00012816924650646148,6.707234065868779e-05,0.11370614195863402,
2026-02-09 00:00:00+00:00,3.063381404899701e-05,0.028091377611937234,0.00012816924650646148,6.707234065868779e-05,0.11374654360115524,
2026-02-10 00:00:00+00:00,3.063381404899701e-05,0.028091377611937234,0.00012258721080098228,7.839912007896869e-05,0.11379515100270506,
2026-02-11 00:00:00+00:00,3.063381404899701e-05,0.028091377611937234,0.00012258721080098228,7.839912007896869e-05,0.11378388913969194,
2026-02-12 00:00:00+00:00,3.22302416035117e-05,0.028509854837985942,0.00013131320935956734,9.099958647892e-05,0.11379021406173702,
2026-02-13 00:00:00+00:00,3.1964281894640105e-05,0.028832025002115014,0.00013494602874813537,9.55989860545711e-05,0.11387529888500765,
2026-02-14 00:00:00+00:00,3.1964281894640105e-05,0.028832025002115014,0.00013494602874813537,9.55989860545711e-05,0.11389534622430797,
2026-02-15 00:00:00+00:00,3.1764909195000214e-05,0.029266501943181637,0.00013832453113921545,8.608163976669465e-05,0.11392563432455056,
2026-02-16 00:00:00+00:00,3.3844534085700514e-05,0.029266501943181637,0.00015605875102307567,0.00010074940310585608,0.11402654554694885,
2026-02-17 00:00:00+00:00,3.3844534085700514e-05,0.029266501943181637,0.00015605875102307567,0.00010074940310585608,0.11409837988515689,
2026-02-18 00:00:00+00:00,3.3844534085700514e-05,0.02934423422154323,0.00017226848223554742,0.00010074940310585608,0.11403976821651056,
2026-02-19 00:00:00+00:00,3.431000058381787e-05,0.029306105532062518,0.0001682805201141946,0.00011185244080065337,0.11401142484198008,
2026-02-20 00:00:00+00:00,3.430771932306181e-05,0.029919646874380576,0.0001706969391932489,0.0001329671412895464,0.11395320904751614,
2026-02-21 00:00:00+00:00,3.430771932306181e-05,0.029919646874380576,0.0001706969391932489,0.0001329671412895464,0.1139418993145227,
2026-02-22 00:00:00+00:00,3.430771932306181e-05,0.02977351403723539,0.0001706969391932489,0.0001329671412895464,0.11396053166439131,
2026-02-23 00:00:00+00:00,3.430771932306181e-05,0.03012559749186036,0.00018567610861323786,0.0001329671412895464,0.11397332033763324,
2026-02-24 00:00:00+00:00,3.6056803173778464e-05,0.031012536449865825,0.00018738809636715815,0.00014505494220671267,0.11400106996297832,
2026-02-25 00:00:00+00:00,3.6620190914820545e-05,0.031012536449865825,0.00019543559060113895,0.00015504653727541987,0.11399022918194528,
2026-02-26 00:00:00+00:00,3.6620190914820545e-05,0.030711350962519608,0.00021070609901698844,0.00016694740836342703,0.11399908072004711,
2026-02-27 00:00:00+00:00,3.714142071657989e-05,0.02976101526821198,0.00020869487016653056,0.00014779298455377702,0.1139523456494013,
2026-02-28 00:00:00+00:00,3.735435504697509e-05,0.02986055868677792,0.00023323400980092572,0.00015250054923185986,0.11397225074470037,
2026-03-01 00:00:00+00:00,3.892561238671988e-05,0.0293588952368332,0.0002378372096662436,0.0001602372798667299,0.11396654124061262,
2026-03-02 00:00:00+00:00,3.966082327419177e-05,0.028938024013768847,0.0002526260668126404,0.00016223419774519243,0.114033516185979,
2026-03-03 00:00:00+00:00,3.966082327419177e-05,0.028938024013768847,0.00024413862569948224,0.00015549441890369862,0.11394223986814415,
2026-03-04 00:00:00+00:00,3.9213111809507005e-05,0.02834893726200484,0.00022847314353453615,0.00014968039165523804,0.11389698926359411,
2026-03-05 00:00:00+00:00,3.842176905285063e-05,0.02770374937810829,0.00021971027895675531,0.00013203085942140288,0.11386357924590504,
2026-03-06 00:00:00+00:00,3.842176905285063e-05,0.02770374937810829,0.00021971027895675531,0.00013203085942140288,0.11389532939841344,
2026-03-07 00:00:00+00:00,3.877820012121447e-05,0.027438214048743227,0.000224101875529193,0.00012373707584174555,0.11388768410931024,
2026-03-08 00:00:00+00:00,3.789817526467232e-05,0.027106039492147287,0.0002199013434915976,0.00012925377475312417,0.11379317753016943,
2026-03-09 00:00:00+00:00,3.789817526467232e-05,0.0279896685387939,0.0002199013434915976,0.00012925377475312417,0.11375306925425922,
2026-03-10 00:00:00+00:00,3.789817526467232e-05,0.028063498126963744,0.00022807400132920618,0.00012673446944559558,0.11370669485380248,
2026-03-11 00:00:00+00:00,3.789817526467232e-05,0.02741224672645327,0.00022807400132920618,0.00012673446944559558,0.11359187432875231,
2026-03-12 00:00:00+00:00,3.789817526467232e-05,0.027567412831227853,0.00022517187179952694,0.00012996950237543893,0.11362029202282424,
2026-03-13 00:00:00+00:00,3.7749951843579765e-05,0.02739205176476386,0.0002147909726854128,0.0001458160363596014,0.11365966647863383,
2026-03-14 00:00:00+00:00,3.650544759794785e-05,0.027393635207166245,0.00022364970443991945,0.00014518483248465578,0.11372587550431486,
2026-03-15 00:00:00+00:00,3.650544759794785e-05,0.02762214423945314,0.00022582938408706669,0.00014265783843148667,0.1137997989232341,
2026-03-16 00:00:00+00:00,3.7404493104986615e-05,0.02762214423945314,0.00022340094036839747,0.00013339664571705928,0.11388775861511623,
2026-03-17 00:00:00+00:00,3.825263876125165e-05,0.027310784476307692,0.0002253440933196139,0.00013401829866801392,0.11392497258881724,
2026-03-18 00:00:00+00:00,3.5944167620982626e-05,0.026896140405109924,0.0002138255564486393,0.00012416626011658175,0.11382318331549562,
2026-03-19 00:00:00+00:00,3.521425855136908e-05,0.026896140405109924,0.0002080874142140803,0.00014099235531938619,0.11372677025695638,
2026-03-20 00:00:00+00:00,3.521425855136908e-05,0.026896140405109924,0.0002216588641677693,0.00016284979534349176,0.11378124343852197,
2026-03-21 00:00:00+00:00,3.448042825766606e-05,0.02673540371987552,0.00021771653057964843,0.00016263859213931178,0.11382882396380102,
2026-03-22 00:00:00+00:00,3.424262154617786e-05,0.026661256549968582,0.00022184328021997618,0.00015950173075099074,0.11393790617585178,
2026-03-23 00:00:00+00:00,3.4238455282320504e-05,0.02675140255855187,0.00022351977587081195,0.00014917812576224301,0.11402610378960763,
2026-03-24 00:00:00+00:00,3.4238455282320504e-05,0.02666079417048463,0.00022559415539810153,0.00015307135255152745,0.11413219366222616,
2026-03-25 00:00:00+00:00,3.565013792633015e-05,0.02660497671200167,0.00022165858154677838,0.0001446669249852911,0.11425395620365933,
2026-03-26 00:00:00+00:00,3.716341454188902e-05,0.0266100311418995,0.00022259993603862918,0.00014486865152400896,0.11432948907216384,
2026-03-27 00:00:00+00:00,3.78345111107009e-05,0.026676868718555718,0.00022078356935722578,0.00015521731105157716,0.11452700179070228,
2026-03-28 00:00:00+00:00,3.78345111107009e-05,0.026676868718555718,0.0002144157140871054,0.0001489626827829501,0.11460910967240726,
2026-03-29 00:00:00+00:00,3.7288675171928334e-05,0.02727267099544403,0.00021199835159677605,0.00017965657210432956,0.11471849661320442,
2026-03-30 00:00:00+00:00,3.668975336083912e-05,0.02731663865658141,0.0001983659296456608,0.00018969225087251592,0.11479802951216693,
2026-03-31 00:00:00+00:00,3.636152870159196e-05,0.02731663865658141,0.00020128441056364128,0.00018521147704011546,0.1148727436860402,
2026-04-01 00:00:00+00:00,3.549635563141844e-05,0.02725766289554403,0.00019901604301511807,0.00017632213384234945,0.1149607367192705,
2026-04-02 00:00:00+00:00,3.4600273902826446e-05,0.02725766289554403,0.0001950122078514224,0.0001866001452843634,0.11514141565809642,
2026-04-03 00:00:00+00:00,3.3517808065773675e-05,0.02742451152421139,0.00020134914972335207,0.00018402351075551314,0.11528398667772606,
2026-04-04 00:00:00+00:00,3.360698188240955e-05,0.027695748480726694,0.00019920711711716706,0.00017094098880975113,0.11540335534761345,
2026-04-05 00:00:00+00:00,3.309576540428395e-05,0.027641517200033366,0.00019867334710885402,0.00017130322826694507,0.1154546606664856,1883.5302734375
2026-04-06 00:00:00+00:00,3.230962933129275e-05,0.027641517200033366,0.0001944377146716963,0.00016614981083446563,0.11549067329615352,1883.5302734375
2026-04-07 00:00:00+00:00,3.292337466037305e-05,0.027641517200033366,0.0001934889092426338,0.00016982226577675792,0.11566337694724398,1883.5302734375
2026-04-08 00:00:00+00:00,3.292337466037305e-05,0.0276638552170704,0.0001937567556764306,0.00017568128425990732,0.11586831926057732,1883.5302734375
2026-04-09 00:00:00+00:00,3.292337466037305e-05,0.027608839682889727,0.00019236666063054348,0.00017890475677684634,0.11603291934976971,1883.5302734375
2026-04-10 00:00:00+00:00,3.377495894104262e-05,0.02796518412765624,0.00019476928461093244,0.00019513164427406888,0.1162479976812998,1883.5302734375
2026-04-11 00:00:00+00:00,3.500881850988279e-05,0.027893066018198902,0.00019548425450011564,0.00021420416916523915,0.11640250757336612,1883.5302734375
2026-04-12 00:00:00+00:00,3.382809883365362e-05,0.028049711681281498,0.0002035933768790225,0.00019054988108438108,0.11652730156977967,1883.5302734375
2026-04-13 00:00:00+00:00,3.306454931062992e-05,0.027994521068952328,0.00019766768842297705,0.0001987147933719926,0.11657787884275114,1883.5302734375
2026-04-14 00:00:00+00:00,3.249385266599347e-05,0.027669687745704594,0.00019164139787183863,0.0001960569953448991,0.11662320395310716,1865.7870483398438
2026-04-15 00:00:00+00:00,3.143298766872249e-05,0.027656755346220467,0.00019025763697148556,0.0002112483982775378,0.11660011466592546,1857.6288248697917
2026-04-16 00:00:00+00:00,3.109398242139876e-05,0.02745611347684944,0.00019262450968700508,0.00023971540002548864,0.11669669573505716,1857.6288248697917
2026-04-17 00:00:00+00:00,3.072098114774814e-05,0.027936627030915855,0.00019107535495881348,0.000240761067013514,0.11682374949256576,1857.6288248697917
2026-04-18 00:00:00+00:00,3.1072823693042054e-05,0.02825967857029797,0.00019053817397243734,0.0002444155304353957,0.11696522639443473,1857.6288248697917
2026-04-19 00:00:00+00:00,3.120207099817744e-05,0.02826084361273654,0.00018270898433990097,0.0002296873200483181,0.11711580300082759,1857.6288248697917
2026-04-20 00:00:00+00:00,3.128888326263341e-05,0.02861917187045842,0.00018280244189330087,0.0002305605025969434,0.1172488347937663,1857.6288248697917
2026-04-21 00:00:00+00:00,3.216666896340333e-05,0.028632336663768444,0.00018447683533211258,0.00023308032390935822,0.11728669827183083,1857.6288248697917
2026-04-22 00:00:00+00:00,3.207822157452503e-05,0.0286667194407157,0.00018203732159314696,0.00024226325748544786,0.11731243121127283,1857.6288248697917
2026-04-23 00:00:00+00:00,3.075968760097365e-05,0.0286667194407157,0.00017242597064181118,0.00023560513193533782,0.11725727400432026,1857.6288248697917
2026-04-24 00:00:00+00:00,2.9165201239362345e-05,0.02876799494131568,0.00017085590640753267,0.00022948040624325397,0.11724932268261905,1857.6288248697917
2026-04-25 00:00:00+00:00,2.752027300188963e-05,0.02877917688305451,0.00016302885183065122,0.00022980176657646994,0.11731953533987201,1857.6288248697917
2026-04-26 00:00:00+00:00,2.660568061389294e-05,0.02820914825079613,0.00016192180423519668,0.00022339427634057217,0.1172808753326535,1862.1545715332031
2026-04-27 00:00:00+00:00,2.660568061389294e-05,0.02820914825079613,0.00016192180423519668,0.00022339427634057217,0.11730539736648397,1862.1545715332031
2026-04-28 00:00:00+00:00,2.6148672998142313e-05,0.027743663190415564,0.00015936546612064053,0.0002099656251277501,0.11726724592347937,1862.1545715332031
2026-04-29 00:00:00+00:00,2.489209384926028e-05,0.027724814619503723,0.00015615064737448288,0.0001895971395169792,0.11730706437180437,1862.1545715332031
2026-04-30 00:00:00+00:00,2.4593211691744134e-05,0.027724814619503723,0.000162445006984163,0.0001901249641841437,0.1172843437020977,1862.1545715332031
2026-05-01 00:00:00+00:00,2.4687504969604518e-05,0.02743863434914276,0.00016287057169524116,0.0001981441256839389,0.11718388311564919,1862.1545715332031
2026-05-02 00:00:00+00:00,2.5797456933803048e-05,0.02743863434914276,0.0001649120837043938,0.00021143191923783889,0.11708706573893622,1862.1545715332031
2026-05-03 00:00:00+00:00,2.6502056039005723e-05,0.027253449839704128,0.0001637325215470425,0.00022053844003949052,0.11711073958625391,1862.1545715332031
2026-05-04 00:00:00+00:00,2.7213716967861252e-05,0.027253449839704128,0.00016827515537807484,0.00023899892405552237,0.11715662007530527,1862.1545715332031
2026-05-05 00:00:00+00:00,2.6735785104268988e-05,0.027182723779012128,0.00016752894531615916,0.000241487525210952,0.11716305946224717,1855.0293375651042
2026-05-06 00:00:00+00:00,2.679708729289544e-05,0.027190103868229478,0.0001718070889038851,0.0002495917629090627,0.1172474030533741,1858.806640625
2026-05-07 00:00:00+00:00,2.724838015291356e-05,0.027249207769177414,0.00017089444958975406,0.00024410210339055992,0.11724884486917789,1858.806640625
2026-05-08 00:00:00+00:00,2.7147837994145147e-05,0.02701424224008066,0.00017195770626425398,0.00024697746424484044,0.11718847653989131,1858.806640625
2026-05-09 00:00:00+00:00,2.6667462217907982e-05,0.02701424224008066,0.00016817665040309455,0.0002712217407580015,0.11711409354004364,1858.806640625
2026-05-10 00:00:00+00:00,2.5885609430677286e-05,0.027316433237865517,0.00016513711053078574,0.00026485287524043345,0.11703468949116506,1858.806640625
2026-05-11 00:00:00+00:00,2.434271194172693e-05,0.027362654296060357,0.00015984359898168755,0.00024730618047550334,0.11691122553471857,1860.70263671875
2026-05-12 00:00:00+00:00,2.514598354781292e-05,0.027384706950258592,0.00015200320517768282,0.0002667555800982404,0.11679912987968012,1857.1561347113714
2026-05-13 00:00:00+00:00,2.537637165599376e-05,0.027343021040516193,0.00014760387114529878,0.00025449626300527576,0.11673912919800852,1856.6361490885415
2026-05-14 00:00:00+00:00,2.6151554786260993e-05,0.027184500979880438,0.00014559406235493136,0.00023878247582933328,0.11659628795138716,1858.0682033962673
2026-05-15 00:00:00+00:00,2.6698313092583415e-05,0.027171234181150743,0.00014561553811340207,0.00022418614633670005,0.11659873167759381,1861.4193684895831
2026-05-16 00:00:00+00:00,2.744939908493594e-05,0.027314347481088932,0.000143339907441195,0.00019483703736711554,0.11654301578628601,1861.4193684895831
2026-05-17 00:00:00+00:00,2.864649084316922e-05,0.027105333083974417,0.00014917990775969862,0.0002017759037362164,0.1165269398740653,1861.4193684895831
2026-05-18 00:00:00+00:00,2.891474196786703e-05,0.026713234483308687,0.0001542992247330415,0.00020067694239855882,0.1165010583554876,1861.4193684895831
2026-05-19 00:00:00+00:00,2.924182214824301e-05,0.02698795765727044,0.0001496600926279767,0.00020266527380385924,0.11636384679325693,1861.4193684895831
2026-05-20 00:00:00+00:00,2.8826903231924043e-05,0.02679060560185457,0.00014719040153210745,0.0001964801752238215,0.1163340350291852,1861.4193684895831
2026-05-21 00:00:00+00:00,2.7655515647932833e-05,0.02660598695122942,0.0001433340109567547,0.0001929219693164004,0.11637850150722878,1861.4193684895831
2026-05-22 00:00:00+00:00,2.851204693538673e-05,0.026915190911423068,0.00014633265474680074,0.00021253431695548124,0.11635071964099485,1861.4193684895831
2026-05-23 00:00:00+00:00,3.0130780657178086e-05,0.0270808564259134,0.00015565944191792618,0.00023150927826152298,0.11644081321769742,1861.4193684895831
2026-05-24 00:00:00+00:00,3.1340697461948007e-05,0.02721371678776582,0.00015905716720877582,0.00030791361703037145,0.11644723471896397,1861.4193684895831
2026-05-25 00:00:00+00:00,3.3279099254474917e-05,0.027412594458314,0.0001623415001508145,0.0003426683882813179,0.11639229593605827,1861.4193684895831
2026-05-26 00:00:00+00:00,3.377087831586603e-05,0.027885301119928745,0.00016482349192413912,0.00033351013888283576,0.1163671204884504,1857.8412577311196
2026-05-27 00:00:00+00:00,3.373418594133595e-05,0.028351920395807282,0.00016611739629080973,0.00033024195920258,0.11636230439461506,1863.9308919270832
2026-05-28 00:00:00+00:00,3.4442774465319525e-05,0.028574903488554237,0.0001725753161714411,0.00032608573456067053,0.11647379192812685,1863.9308919270832
2026-05-29 00:00:00+00:00,3.626901073076959e-05,0.028574903488554237,0.0001820181316274795,0.0003398822905324971,0.11647869107024418,1869.5602688259548
2026-05-30 00:00:00+00:00,3.626901073076959e-05,0.02864497800128179,0.0001716349881808994,0.00034249068824889845,0.11655353247348602,1869.5602688259548
2026-05-31 00:00:00+00:00,3.595879127619914e-05,0.029039419674570962,0.00017379491499473938,0.0003297054947001997,0.11660802287274391,1869.5602688259548
2026-06-01 00:00:00+00:00,3.532957175404287e-05,0.029311866007952176,0.00017790864834772024,0.0003004818692393273,0.11663385268686143,1869.5602688259548
2026-06-02 00:00:00+00:00,3.6021550213250184e-05,0.02952291441356965,0.0001780044552409284,0.0002974317486207847,0.11657447823933481,1869.5602688259548
2026-06-03 00:00:00+00:00,3.5821212882954295e-05,0.02952291441356965,0.0001750041705884217,0.0002829552695252218,0.11645534917198373,1869.5602688259548
2026-06-04 00:00:00+00:00,3.8780125946517014e-05,0.02969943194825575,0.00017741579788182408,0.00028062695817791274,0.11645220381518201,1869.5602688259548
2026-06-05 00:00:00+00:00,3.962367017280307e-05,0.02962468865502999,0.00017231639332951292,0.00027404163979616986,0.11639555407067136,1869.4446126302082
2026-06-06 00:00:00+00:00,3.9694939967069955e-05,0.02925060994491192,0.00017312589709237927,0.0002680264416641036,0.11635950909306601,1869.4446126302082
2026-06-07 00:00:00+00:00,4.002202570435862e-05,0.02904237399174678,0.00016949653882092103,0.00025192657057636185,0.11635904566695289,1861.966044108073
2026-06-08 00:00:00+00:00,4.067059180067915e-05,0.02909182591570743,0.00017176057038770722,0.00023532484298003294,0.11641665380448098,1867.5531441824776
2026-06-09 00:00:00+00:00,4.1767711166701674e-05,0.029224260917140327,0.00017019672670181128,0.00022632133643835396,0.11648668752362325,1856.7674891153972
2026-06-10 00:00:00+00:00,4.244099511922849e-05,0.02935766175829076,0.00017200408400160286,0.00024405914745733842,0.11656778504451111,1855.1218988327753
2026-06-11 00:00:00+00:00,4.23286717764746e-05,0.02949077887589935,0.0001726271852791999,0.0002311499619231117,0.1166422264029582,1860.6765935988656
2026-06-12 00:00:00+00:00,4.284171040474317e-05,0.029525938518075362,0.00017491610411844317,0.000235720142782885,0.11652046224723255,1861.8699866400827
2026-06-13 00:00:00+00:00,4.2143027475683566e-05,0.0295218906662278,0.00017443716295009387,0.00024803641616372667,0.11649563442915674,1861.8699866400827
2026-06-14 00:00:00+00:00,4.179500799749309e-05,0.02944856194598182,0.00017500136604390172,0.0002481833516187942,0.11630941318968928,1869.1425185430617
2026-06-15 00:00:00+00:00,4.166770234119381e-05,0.029416907531465693,0.00017206909321702233,0.00023919155214753836,0.1162189312279224,1869.1425185430617
2026-06-16 00:00:00+00:00,4.057682700999134e-05,0.029476093789697507,0.00016343427736156344,0.00023012324458505871,0.11617478815217809,1869.1425185430617
2026-06-17 00:00:00+00:00,4.030355750341254e-05,0.029554219525037416,0.00016022075590563903,0.0002093738715096108,0.11614383098979787,1873.4836972554524
2026-06-18 00:00:00+00:00,3.94027117088761e-05,0.029353242340511117,0.0001644922423063941,0.00021012970562319148,0.11615766435861581,1876.7320500126593
2026-06-19 00:00:00+00:00,4.015143344902215e-05,0.029331627120781228,0.0001721046017509848,0.00024038762238359762,0.11619279527415825,1881.0212595621747
2026-06-20 00:00:00+00:00,4.019081025793033e-05,0.029512266129039292,0.000171925798330731,0.00024994591919216916,0.11624923764417563,1881.0212595621747
2026-06-21 00:00:00+00:00,3.926149771713325e-05,0.02934922049330035,0.00016670634187025354,0.00023525371710317604,0.11636182113240158,1881.0212595621747
2026-06-22 00:00:00+00:00,3.833327595101663e-05,0.029306300323117818,0.0001637938043884411,0.0002219314941594211,0.11639999654144044,1881.0212595621747
2026-06-23 00:00:00+00:00,3.810890020234253e-05,0.029402334892162728,0.00016215807347086004,0.00017288896918441504,0.1164051002512375,1881.0212595621747
2026-06-24 00:00:00+00:00,3.667740875593713e-05,0.029339715640878995,0.0001636550180764657,0.0001373700891970176,0.11634977348148819,1881.0212595621747
2026-06-25 00:00:00+00:00,3.619659861005157e-05,0.029424935714274167,0.00016115904509990346,0.0001434950113918248,0.11636540455122785,1881.0212595621747
2026-06-26 00:00:00+00:00,3.658408066852504e-05,0.029028299829047696,0.0001494245785532508,0.00012449517983352323,0.11632256451994176,1880.2136852123122
2026-06-27 00:00:00+00:00,3.593679902608598e-05,0.029129019154915687,0.00014694893290872078,0.0001232182773254413,0.11612092293798917,1880.2136852123122
2026-06-28 00:00:00+00:00,3.517673451369774e-05,0.02940559765380436,0.00014435241482244927,0.00016002258691394283,0.11602063048630946,1879.603075945819
2026-06-29 00:00:00+00:00,3.54674722934255e-05,0.029531603418008347,0.00015279258612061877,0.00017370032786590537,0.11597225026537969,1881.2064402262372
2026-06-30 00:00:00+00:00,3.642129421745334e-05,0.030026897188332447,0.00015397835257098105,0.0001821612319425727,0.11596451122313732,1886.472363096295
2026-07-01 00:00:00+00:00,3.652124811676711e-05,0.029762552688933037,0.00014949255368547115,0.00021079143644736205,0.11597304431100681,1886.472363096295
2026-07-02 00:00:00+00:00,3.663362238520912e-05,0.029859237631575882,0.00014766370350900677,0.00022141287822783815,0.11596787863721446,1886.472363096295
2026-07-03 00:00:00+00:00,3.692079880684779e-05,0.030027672895371414,0.00015626807849316562,0.00026058958351391956,0.11603561043739315,1888.5767067803279
2026-07-04 00:00:00+00:00,3.447555453535474e-05,0.029763027775924655,0.00014667549850134396,0.0002590927414303201,0.11605745510508612,1890.1028544108074
2026-07-05 00:00:00+00:00,3.376172092775623e-05,0.029984435869677722,0.00015061229442710162,0.00027342065771037745,0.11602574444065487,1890.1028544108074
2026-07-06 00:00:00+00:00,3.354417282456065e-05,0.030451488970411947,0.00014983546281298134,0.0002856180265220157,0.11599730096500491,1890.1028544108074
2026-07-07 00:00:00+00:00,3.392523703991758e-05,0.03078165984091655,0.00015043472492948243,0.00029451294875976756,0.11599253747483775,1895.5636588202585
2026-07-08 00:00:00+00:00,3.3961469571051695e-05,0.030979977913595916,0.0001494111398341959,0.00029831769173580946,0.11598379807225587,1895.0625601103814
2026-07-09 00:00:00+00:00,3.347988926805101e-05,0.030786015869428664,0.0001499290728840411,0.00031516052098773953,0.11601167409841352,1903.1901938698509
2026-07-10 00:00:00+00:00,3.3023675113343286e-05,0.03072618832106161,0.00015567268757925895,0.00030197097282374044,0.11601488125221478,1901.4685796101887
2026-07-11 00:00:00+00:00,3.306638534762964e-05,0.030683276945695465,0.00016097932432249503,0.0003083935775772952,0.11597784993977378,1903.5742242986505
2026-07-12 00:00:00+00:00,3.343457419800545e-05,0.030742213546270172,0.00015936864781451732,0.00029523804273045516,0.1161460164805938,1903.5742242986505
2026-07-13 00:00:00+00:00,3.337297339507066e-05,0.031330366357878704,0.00016809130934704845,0.0003067031610412548,0.11633828943916431,1903.5742242986505
2026-07-14 00:00:00+00:00,3.328682974362047e-05,0.03129074417026426,0.00016634798802097692,0.00030723716628440587,0.11657738814066192,1902.653875732422
2026-07-15 00:00:00+00:00,3.229406090302486e-05,0.030929665762823078,0.00016247713986966369,0.0003063833122770756,0.11670188226833421,1902.653875732422
2026-07-16 00:00:00+00:00,3.281948112438775e-05,0.03114619757274556,0.00016874649211253012,0.0003012926039806668,0.11669563123121339,1902.653875732422
2026-07-17 00:00:00+00:00,3.262588424693799e-05,0.03134404867148347,0.00017144671125512607,0.0003195374765317811,0.11670102532310728,1902.518534342448
2026-07-18 00:00:00+00:00,3.2921897325114256e-05,0.03140102303956468,0.00016834948362508118,0.00033289303661180594,0.11666256722448198,1902.493492126465
2026-07-19 00:00:00+00:00,3.2354168059863954e-05,0.03173363806738972,0.0001668831376828793,0.0003169676836075675,0.11662315789224768,1900.0462559291298
2026-07-20 00:00:00+00:00,3.271585872796766e-05,0.03183505238936927,0.00017139817810888855,0.0003038016403798383,0.11648969159557897,1900.0462559291298
2026-07-21 00:00:00+00:00,3.323819610335206e-05,0.03185177277908588,0.00017387717933934775,0.000292994558964796,0.11629899854546986,1900.0462559291298
2026-07-22 00:00:00+00:00,3.395270946154618e-05,0.031953417519671845,0.0001692553387538178,0.00028832168921890517,0.11612514104565665,1900.0462559291298
2026-07-23 00:00:00+00:00,3.395270946154618e-05,0.03208289441483259,0.00017117834054313307,0.00027849968459404495,0.11607014214427303,1900.0462559291298
2026-07-24 00:00:00+00:00,3.4210251295500406e-05,0.03217765794728285,0.00017563689256683407,0.0002925800752893378,0.11613313776665715,1900.0462559291298
2026-07-25 00:00:00+00:00,3.480547801243141e-05,0.032049156302078156,0.00017777408060931199,0.0003032316782819471,0.11622806869704143,1895.7754821777344
2026-07-26 00:00:00+00:00,3.384824477017273e-05,0.031882620902489014,0.00018989353011629543,0.0003170959755607305,0.11642850376665588,1893.7845594618057
2026-07-27 00:00:00+00:00,3.411004661653171e-05,0.031882620902489014,0.00019146577651345172,0.0003217791754885726,0.1166109606495191,1893.7845594618057
2026-07-28 00:00:00+00:00,3.404888702213869e-05,0.031731206119399134,0.00019076545634133014,0.0002661984579249136,0.11680125547894112,1893.9811706542969
2026-07-29 00:00:00+00:00,3.343298209442147e-05,0.03197436148978088,0.00018645036274308994,0.0002569660787936175,0.11694066933002961,1893.744663783482
2026-07-30 00:00:00+00:00,3.2669808011874405e-05,0.03183858075433152,0.00018601312096988055,0.00024867672241584685,0.11707478466218911,1886.18017578125
2026-07-31 00:00:00+00:00,3.268231202925147e-05,0.03201222529067937,0.00018856437557472934,0.00022545428484183253,0.11717635688596753,1874.5692661830358
2026-08-01 00:00:00+00:00,3.128647504014719e-05,0.03197049650109622,0.0001902991133407006,0.00021405206003409743,0.11728652791473368,1872.122573852539
2026-08-02 00:00:00+00:00,2.9725481406007984e-05,0.03167238116095007,0.00018094522951203585,0.0001930287259538404,0.11738322354082399,1866.4651576450892
2026-08-03 00:00:00+00:00,2.9262274432259217e-05,0.03179184791885989,0.00018677254710142399,0.00018404076138659579,0.11747099285752605,1859.4732462565105
2026-08-04 00:00:00+00:00,2.900569423767042e-05,0.031698820731517904,0.00018452370741947195,0.00017066179264569153,0.11753023492878877,1859.4732462565105
2026-08-05 00:00:00+00:00,2.825080095280055e-05,0.03152210435465622,0.00018478634705792904,0.00017152544495123342,0.11755021748443438,1859.4732462565105
2026-08-06 00:00:00+00:00,2.7535766256393382e-05,0.03147267812693657,0.00018281431981550768,0.00016488392294983594,0.1176920918747782,1859.4732462565105
2026-08-07 00:00:00+00:00,2.708504611436138e-05,0.03132412862032648,0.00018202104174128584,0.00014569623012903322,0.11782457325607533,1859.4732462565105
2026-08-08 00:00:00+00:00,2.6722360242507577e-05,0.031291868188418406,0.0001825810671663122,0.00011989583161569802,0.11786107358833149,1857.2335205078125
2026-08-09 00:00:00+00:00,2.6702937983151216e-05,0.03125593152362849,0.00018503449497176108,0.00011233254206975593,0.11796490022291735,1850.9091949462888
2026-08-10 00:00:00+00:00,2.7070738410102313e-05,0.031617337327805264,0.00018847265041080794,0.00013340491473172732,0.11815162195513641,1850.9091949462888
2026-08-11 00:00:00+00:00,2.6723532717334192e-05,0.032134983134234185,0.00019234025546918725,0.00016559493883505638,0.11834749778111771,1850.9091949462888
2026-08-12 00:00:00+00:00,2.706562815426477e-05,0.03199723165570975,0.00018768344077923555,0.00016183000608786338,0.11844615278144673,1863.2972045898437
2026-08-13 00:00:00+00:00,2.730396802959268e-05,0.032029654897217194,0.00018971653060159747,0.0001573033750370693,0.11847621165215964,1863.2972045898437
2026-08-14 00:00:00+00:00,2.8900182674498237e-05,0.03297586488493137,0.00019685644733221527,0.00016424822258613857,0.11853933235009505,1844.683590359158
2026-08-15 00:00:00+00:00,2.8429885010574535e-05,0.03316524495709344,0.00019743936543616453,0.0001668192615170483,0.11870187303672228,1843.0527140299478
2026-08-16 00:00:00+00:00,2.7777830202204595e-05,0.032948896795025294,0.00019235225137082226,0.00015978354426048706,0.11881131082773203,1849.7225011189778
2026-08-17 00:00:00+00:00,2.7399473016622605e-05,0.033054581991481466,0.00019339049105029617,0.00014241920814583864,0.11903099678456777,1851.7676572446471
2026-08-18 00:00:00+00:00,2.7572442781609835e-05,0.03263716363686724,0.0001880118014418662,0.00013151603336104424,0.11918146076301729,1851.7676572446471
2026-08-19 00:00:00+00:00,2.7053920308820318e-05,0.03216957612047814,0.00018758939887548976,0.0001519247488305256,0.1193812496339281,1851.7676572446471
2026-08-20 00:00:00+00:00,2.6244933391491747e-05,0.03189138445833863,0.00018723000256512832,0.00017013721951570916,0.11964174360036846,1854.426580810547
2026-08-21 00:00:00+00:00,2.563383933765603e-05,0.03168488650218296,0.0001910333690766998,0.00017054830372368693,0.1199335969984531,1855.441200949929
2026-08-22 00:00:00+00:00,2.510586273764414e-05,0.03151007809422229,0.00019208034833329495,0.00016450430737222633,0.12011676865319407,1856.944595336914
2026-08-23 00:00:00+00:00,2.4713336930047043e-05,0.031482113588770635,0.00018558736227810692,0.00015403608263871624,0.12024647581080591,1848.7596670297476
2026-08-24 00:00:00+00:00,2.459558629750753e-05,0.031755796231498726,0.00018153681060210957,0.00014986413667278004,0.12031093457092835,1847.3329671223958
2026-08-25 00:00:00+00:00,2.480686735801665e-05,0.031839486529034594,0.00018147421738806064,0.00014847059212570458,0.1203063543265064,1846.9316101074219
2026-08-26 00:00:00+00:00,2.4880680337939037e-05,0.03179714599948209,0.00017724478212054843,0.00014925277951836812,0.12039125673472875,1846.9316101074219
2026-08-27 00:00:00+00:00,2.497832182465724e-05,0.03202998372338087,0.00018025201173941242,0.00015726566746252505,0.12033323732515172,1851.3924247546072
2026-08-28 00:00:00+00:00,2.5253959458382268e-05,0.03216264841224373,0.00018455658504308304,0.0001462737033686305,0.12021448096881306,1851.3924247546072
2026-08-29 00:00:00+00:00,2.5066690669935574e-05,0.0320650771609507,0.00017903597159071676,0.0001487705584546954,0.12006628457456822,1851.3924247546072
2026-08-30 00:00:00+00:00,2.4980118582599667e-05,0.03190128029445587,0.00017492969910032723,0.00015320309854208368,0.11992207455138361,1855.2664761013455
