date,feature_index,SO2
2026-01-17T00:00:00.000Z,0,
2026-01-15T00:00:00.000Z,0,
2026-01-11T00:00:00.000Z,0,-5.7522232964402065E-5
2026-01-14T00:00:00.000Z,0,4.040619114675792E-5
2026-01-13T00:00:00.000Z,0,
2026-01-16T00:00:00.000Z,0,2.293843135703355E-4
2026-01-18T00:00:00.000Z,0,
2026-01-12T00:00:00.000Z,0,
2026-06-03T00:00:00.000Z,0,-2.905857390942401E-4
2026-05-29T00:00:00.000Z,0,2.3709308879915625E-4
2026-06-02T00:00:00.000Z,0,1.798777088879433E-4
2026-06-01T00:00:00.000Z,0,-1.8759785962174647E-4
2026-05-30T00:00:00.000Z,0,1.8235457779762024E-4
2026-05-28T00:00:00.000Z,0,7.391342205664841E-5
2026-05-27T00:00:00.000Z,0,2.4200110783567652E-4
2026-05-31T00:00:00.000Z,0,-2.827992466336582E-5
2026-04-21T00:00:00.000Z,0,2.9859567803214304E-4
2026-04-20T00:00:00.000Z,0,1.8217329034087015E-4
2026-04-19T00:00:00.000Z,0,8.592048561695265E-5
2026-04-22T00:00:00.000Z,0,
2026-04-18T00:00:00.000Z,0,4.547476419247687E-4
2026-04-17T00:00:00.000Z,0,2.6690274171414785E-4
2026-04-24T00:00:00.000Z,0,-1.5745121163490694E-4
2026-04-23T00:00:00.000Z,0,4.2251716877217405E-5
2025-11-30T00:00:00.000Z,0,
2025-11-26T00:00:00.000Z,0,
2025-11-25T00:00:00.000Z,0,
2025-11-28T00:00:00.000Z,0,
2025-11-29T00:00:00.000Z,0,
2025-12-01T00:00:00.000Z,0,
2025-11-27T00:00:00.000Z,0,
2025-11-24T00:00:00.000Z,0,
2025-12-15T00:00:00.000Z,0,1.461543215555139E-4
2025-12-10T00:00:00.000Z,0,5.04070267197676E-5
2025-12-16T00:00:00.000Z,0,
2025-12-17T00:00:00.000Z,0,3.331376271186552E-4
2025-12-12T00:00:00.000Z,0,8.378304119105451E-5
2025-12-13T00:00:00.000Z,0,1.8993389069995223E-4
2025-12-11T00:00:00.000Z,0,
2025-12-14T00:00:00.000Z,0,
2026-05-15T00:00:00.000Z,0,-1.1170948710059747E-5
2026-05-17T00:00:00.000Z,0,4.4731326731077087E-4
2026-05-11T00:00:00.000Z,0,1.67081398103619E-4
2026-05-16T00:00:00.000Z,0,1.5984660876711132E-4
2026-05-18T00:00:00.000Z,0,4.2617464714567177E-4
2026-05-12T00:00:00.000Z,0,2.739559204201214E-4
2026-05-14T00:00:00.000Z,0,-3.625387034844607E-4
2026-05-13T00:00:00.000Z,0,9.861471698968671E-5
2026-08-10T00:00:00.000Z,0,6.986844673519954E-4
2026-08-07T00:00:00.000Z,0,-8.982115559774684E-5
2026-08-09T00:00:00.000Z,0,1.0300969370291568E-4
2026-08-08T00:00:00.000Z,0,-1.6975837934296578E-4
2026-08-13T00:00:00.000Z,0,-1.2722259998554364E-4
2026-08-12T00:00:00.000Z,0,2.1417367315734737E-4
2026-08-11T00:00:00.000Z,0,8.925837901188061E-4
2026-08-14T00:00:00.000Z,0,8.266808436019346E-5
2026-02-25T00:00:00.000Z,0,
2026-02-23T00:00:00.000Z,0,
2026-02-24T00:00:00.000Z,0,
2026-02-26T00:00:00.000Z,0,2.740552481554914E-4
2026-02-22T00:00:00.000Z,0,
2026-02-21T00:00:00.000Z,0,
2026-02-20T00:00:00.000Z,0,2.0969151296412747E-4
2026-02-27T00:00:00.000Z,0,-4.3751253542723134E-5
2025-10-18T00:00:00.000Z,0,-2.4690624013601337E-4
2025-10-19T00:00:00.000Z,0,7.484322850359604E-8
2025-10-22T00:00:00.000Z,0,
2025-10-16T00:00:00.000Z,0,-8.997527402243577E-6
2025-10-20T00:00:00.000Z,0,2.125933193989719E-5
2025-10-15T00:00:00.000Z,0,-1.2113468073948752E-4
2025-10-21T00:00:00.000Z,0,-1.6381854948122054E-6
2025-10-17T00:00:00.000Z,0,-1.3911988935433328E-4
2026-03-19T00:00:00.000Z,0,3.5973159295584384E-4
2026-03-16T00:00:00.000Z,0,3.7399477150756866E-6
2026-03-21T00:00:00.000Z,0,1.5947054407661199E-4
2026-03-22T00:00:00.000Z,0,
2026-03-23T00:00:00.000Z,0,-5.675949068972841E-6
2026-03-20T00:00:00.000Z,0,4.688539556809701E-4
2026-03-17T00:00:00.000Z,0,
2026-03-18T00:00:00.000Z,0,
2026-01-03T00:00:00.000Z,0,
2026-01-04T00:00:00.000Z,0,3.0680296185892075E-4
2026-01-06T00:00:00.000Z,0,2.4357384972972795E-4
2026-01-10T00:00:00.000Z,0,
2026-01-07T00:00:00.000Z,0,
2026-01-08T00:00:00.000Z,0,
2026-01-05T00:00:00.000Z,0,
2026-01-09T00:00:00.000Z,0,
2026-04-16T00:00:00.000Z,0,9.229234419763088E-4
2026-04-13T00:00:00.000Z,0,4.1735696140676737E-4
2026-04-15T00:00:00.000Z,0,3.6833361809840426E-4
2026-04-12T00:00:00.000Z,0,-2.31728469771042E-4
2026-04-10T00:00:00.000Z,0,5.683500567101873E-4
2026-04-11T00:00:00.000Z,0,6.232954619918019E-4
2026-04-09T00:00:00.000Z,0,
2026-04-14T00:00:00.000Z,0,4.601976309004385E-5
2026-07-09T00:00:00.000Z,0,6.0425357605709E-4
2026-07-10T00:00:00.000Z,0,3.299083800811786E-4
2026-07-07T00:00:00.000Z,0,1.4838442075415514E-4
2026-07-08T00:00:00.000Z,0,4.8580962902633473E-4
2026-07-11T00:00:00.000Z,0,6.651328749285312E-5
2026-07-13T00:00:00.000Z,0,3.271216555731371E-4
2026-07-06T00:00:00.000Z,0,
2026-07-12T00:00:00.000Z,0,-7.311693298106547E-5
2026-03-26T00:00:00.000Z,0,1.4849972922093002E-4
2026-03-30T00:00:00.000Z,0,3.8037014746805653E-4
2026-03-24T00:00:00.000Z,0,2.1536298118007835E-4
2026-03-31T00:00:00.000Z,0,9.559600039210636E-5
2026-03-28T00:00:00.000Z,0,
2026-03-27T00:00:00.000Z,0,3.518418420753733E-4
2026-03-25T00:00:00.000Z,0,1.7916563592734747E-6
2026-03-29T00:00:00.000Z,0,5.394326435634866E-4
2025-09-30T00:00:00.000Z,0,
2025-10-01T00:00:00.000Z,0,
2025-10-02T00:00:00.000Z,0,5.442444307846017E-4
2025-10-06T00:00:00.000Z,0,1.355992990283994E-4
2025-10-04T00:00:00.000Z,0,-6.323998923107865E-5
2025-10-03T00:00:00.000Z,0,-1.8112534394276736E-4
2025-10-05T00:00:00.000Z,0,-1.4168763300403953E-6
2025-09-29T00:00:00.000Z,0,4.54638279734354E-5
2026-01-01T00:00:00.000Z,0,
2025-12-29T00:00:00.000Z,0,9.695223998278379E-4
2026-01-02T00:00:00.000Z,0,5.713543941965327E-5
2025-12-28T00:00:00.000Z,0,
2025-12-30T00:00:00.000Z,0,4.651081981137395E-4
2025-12-31T00:00:00.000Z,0,
2025-12-26T00:00:00.000Z,0,
2025-12-27T00:00:00.000Z,0,1.5227744006551802E-4
2026-06-22T00:00:00.000Z,0,1.6823120677145198E-4
2026-06-26T00:00:00.000Z,0,-3.089940073550679E-4
2026-06-20T00:00:00.000Z,0,4.832729318877682E-4
2026-06-21T00:00:00.000Z,0,2.963814949907828E-4
2026-06-27T00:00:00.000Z,0,3.6883249322272604E-5
2026-06-23T00:00:00.000Z,0,4.8323271084882435E-4
2026-06-24T00:00:00.000Z,0,6.518640202557435E-5
2026-06-25T00:00:00.000Z,0,1.1559710583242122E-4
2025-12-19T00:00:00.000Z,0,
2025-12-23T00:00:00.000Z,0,8.827907149679959E-4
2025-12-18T00:00:00.000Z,0,
2025-12-25T00:00:00.000Z,0,1.4053699487703852E-4
2025-12-21T00:00:00.000Z,0,1.5847330723772757E-4
2025-12-24T00:00:00.000Z,0,
2025-12-20T00:00:00.000Z,0,4.894666490145028E-4
2025-12-22T00:00:00.000Z,0,
2025-10-11T00:00:00.000Z,0,2.2296797396847978E-5
2025-10-12T00:00:00.000Z,0,-1.4252423716243356E-4
2025-10-14T00:00:00.000Z,0,1.5582965716021135E-4
2025-10-09T00:00:00.000Z,0,-3.0533796234522015E-4
2025-10-13T00:00:00.000Z,0,-2.4626934464322403E-4
2025-10-10T00:00:00.000Z,0,6.072038013371639E-5
2025-10-07T00:00:00.000Z,0,4.212493295199238E-4
2025-10-08T00:00:00.000Z,0,1.2336579766270006E-4
2025-11-10T00:00:00.000Z,0,
2025-11-14T00:00:00.000Z,0,
2025-11-12T00:00:00.000Z,0,
2025-11-08T00:00:00.000Z,0,
2025-11-09T00:00:00.000Z,0,
2025-11-13T00:00:00.000Z,0,
2025-11-11T00:00:00.000Z,0,
2025-11-15T00:00:00.000Z,0,
2026-03-08T00:00:00.000Z,0,8.168334716174286E-5
2026-03-09T00:00:00.000Z,0,
2026-03-12T00:00:00.000Z,0,1.6555486460371563E-4
2026-03-10T00:00:00.000Z,0,1.0154141637030989E-4
2026-03-13T00:00:00.000Z,0,3.3597444416955113E-4
2026-03-15T00:00:00.000Z,0,1.0980691574028849E-4
2026-03-11T00:00:00.000Z,0,
2026-03-14T00:00:00.000Z,0,2.2139906650409102E-4
2026-08-28T00:00:00.000Z,0,-1.848885221988894E-5
2026-08-25T00:00:00.000Z,0,5.1264277317386586E-5
2026-08-27T00:00:00.000Z,0,-6.703610415570438E-5
2026-08-24T00:00:00.000Z,0,2.9933521364000626E-4
2026-08-29T00:00:00.000Z,0,5.160061118658632E-5
2026-08-26T00:00:00.000Z,0,1.9616166900959797E-4
2026-08-30T00:00:00.000Z,0,1.0220358399237739E-4
2026-08-23T00:00:00.000Z,0,1.594709901837632E-4
2025-11-06T00:00:00.000Z,0,4.0618986046562594E-4
2025-11-03T00:00:00.000Z,0,
2025-11-05T00:00:00.000Z,0,
2025-10-31T00:00:00.000Z,0,6.648387352470309E-5
2025-11-02T00:00:00.000Z,0,1.9617895395640517E-4
2025-11-04T00:00:00.000Z,0,
2025-11-07T00:00:00.000Z,0,1.4987778922659345E-4
2025-11-01T00:00:00.000Z,0,
2026-04-06T00:00:00.000Z,0,4.7621209887438454E-5
2026-04-02T00:00:00.000Z,0,3.2769243989605457E-4
2026-04-05T00:00:00.000Z,0,1.7927249632521125E-4
2026-04-04T00:00:00.000Z,0,-3.3227994572371244E-4
2026-04-08T00:00:00.000Z,0,3.1043870937234413E-4
2026-04-01T00:00:00.000Z,0,-1.0354073310736567E-5
2026-04-03T00:00:00.000Z,0,4.066818678438722E-5
2026-04-07T00:00:00.000Z,0,
2026-07-31T00:00:00.000Z,0,-3.0772618629271165E-5
2026-08-01T00:00:00.000Z,0,1.5723500109743327E-4
2026-08-06T00:00:00.000Z,0,-5.086123928776942E-5
2026-07-30T00:00:00.000Z,0,-2.3305041395360604E-5
2026-08-04T00:00:00.000Z,0,7.208284182524949E-5
2026-08-05T00:00:00.000Z,0,1.96571361811948E-4
2026-08-02T00:00:00.000Z,0,2.3586202587466687E-4
2026-08-03T00:00:00.000Z,0,-9.095346376852831E-5
2025-09-08T00:00:00.000Z,0,-1.5639903722330928E-5
2025-09-10T00:00:00.000Z,0,4.1344965939060785E-4
2025-09-12T00:00:00.000Z,0,1.0532473424973432E-4
2025-09-11T00:00:00.000Z,0,2.993794078065548E-4
2025-09-06T00:00:00.000Z,0,4.801850354851922E-5
2025-09-07T00:00:00.000Z,0,2.0335557110229274E-5
2025-09-09T00:00:00.000Z,0,8.168464273694553E-5
2025-09-05T00:00:00.000Z,0,5.324321364241769E-4
2026-05-02T00:00:00.000Z,0,6.598872787435539E-4
2026-04-26T00:00:00.000Z,0,1.852470959420316E-4
2026-04-25T00:00:00.000Z,0,1.568550978845451E-4
2026-05-01T00:00:00.000Z,0,
2026-04-27T00:00:00.000Z,0,
2026-04-29T00:00:00.000Z,0,-1.4921047841198742E-4
2026-04-30T00:00:00.000Z,0,1.0931944173838322E-4
2026-04-28T00:00:00.000Z,0,1.9028771203011274E-4
2026-06-13T00:00:00.000Z,0,-5.366775440052152E-6
2026-06-16T00:00:00.000Z,0,1.8433234799886122E-4
2026-06-15T00:00:00.000Z,0,-1.0091557589930744E-4
2026-06-19T00:00:00.000Z,0,8.988403133116663E-4
2026-06-18T00:00:00.000Z,0,1.5953629144860315E-4
2026-06-14T00:00:00.000Z,0,-6.909820513101295E-6
2026-06-17T00:00:00.000Z,0,-1.755571720423177E-4
2026-06-12T00:00:00.000Z,0,
2025-12-04T00:00:00.000Z,0,
2025-12-05T00:00:00.000Z,0,-3.306751750642434E-5
2025-12-02T00:00:00.000Z,0,
2025-12-06T00:00:00.000Z,0,
2025-12-09T00:00:00.000Z,0,
2025-12-08T00:00:00.000Z,0,
2025-12-03T00:00:00.000Z,0,9.851488744061498E-5
2025-12-07T00:00:00.000Z,0,-5.657428118865937E-5
2025-09-25T00:00:00.000Z,0,4.551270694719278E-5
2025-09-27T00:00:00.000Z,0,-5.450199714687187E-4
2025-09-23T00:00:00.000Z,0,-3.192213898728369E-5
2025-09-24T00:00:00.000Z,0,2.543874361435883E-4
2025-09-21T00:00:00.000Z,0,-6.343791937979404E-6
2025-09-22T00:00:00.000Z,0,3.8462705560959876E-4
2025-09-28T00:00:00.000Z,0,-4.9421190851717256E-5
2025-09-26T00:00:00.000Z,0,-1.0961243242491037E-4
2026-01-23T00:00:00.000Z,0,
2026-01-25T00:00:00.000Z,0,1.2089132117883613E-5
2026-01-19T00:00:00.000Z,0,
2026-01-21T00:00:00.000Z,0,-2.2570192413695622E-5
2026-01-22T00:00:00.000Z,0,
2026-01-26T00:00:00.000Z,0,5.5130586588347796E-5
2026-01-20T00:00:00.000Z,0,-2.1384011536914233E-5
2026-01-24T00:00:00.000Z,0,
2026-03-03T00:00:00.000Z,0,1.0157618817174807E-4
2026-03-05T00:00:00.000Z,0,-4.446446291694883E-5
2026-03-06T00:00:00.000Z,0,
2026-03-02T00:00:00.000Z,0,
2026-03-01T00:00:00.000Z,0,
2026-03-04T00:00:00.000Z,0,9.735414641909301E-5
2026-02-28T00:00:00.000Z,0,
2026-03-07T00:00:00.000Z,0,
2026-05-08T00:00:00.000Z,0,3.823227307293564E-4
2026-05-06T00:00:00.000Z,0,2.4212291464209557E-4
2026-05-10T00:00:00.000Z,0,4.0275955325341783E-4
2026-05-03T00:00:00.000Z,0,2.6833120682567824E-4
2026-05-07T00:00:00.000Z,0,1.123502749464933E-4
2026-05-09T00:00:00.000Z,0,8.773286535870284E-4
2026-05-04T00:00:00.000Z,0,1.292321546770836E-4
2026-05-05T00:00:00.000Z,0,
2026-06-06T00:00:00.000Z,0,-6.810566901549464E-5
2026-06-11T00:00:00.000Z,0,-1.1331964560667984E-4
2026-06-05T00:00:00.000Z,0,4.4563363189809024E-5
2026-06-07T00:00:00.000Z,0,-1.0067340190289542E-4
2026-06-10T00:00:00.000Z,0,6.992157286731526E-4
2026-06-09T00:00:00.000Z,0,1.3265435700304806E-4
2026-06-08T00:00:00.000Z,0,3.7927682569716126E-4
2026-06-04T00:00:00.000Z,0,2.1310592910595005E-4
2026-02-04T00:00:00.000Z,0,
2026-02-05T00:00:00.000Z,0,2.1496869521797635E-4
2026-02-11T00:00:00.000Z,0,
2026-02-06T00:00:00.000Z,0,2.65163580479566E-5
2026-02-09T00:00:00.000Z,0,
2026-02-07T00:00:00.000Z,0,
2026-02-08T00:00:00.000Z,0,
2026-02-10T00:00:00.000Z,0,
2026-07-02T00:00:00.000Z,0,4.878995205217507E-4
2026-07-04T00:00:00.000Z,0,1.6969750868156552E-4
2026-07-03T00:00:00.000Z,0,8.455387142021209E-4
2026-07-01T00:00:00.000Z,0,6.426780710171442E-4
2026-06-29T00:00:00.000Z,0,5.790090654045343E-4
2026-06-30T00:00:00.000Z,0,2.170862935599871E-4
2026-07-05T00:00:00.000Z,0,4.60072935311473E-4
2026-06-28T00:00:00.000Z,0,0.0013044180668657646
2025-09-03T00:00:00.000Z,0,3.905420562659856E-4
2025-09-04T00:00:00.000Z,0,9.852928269538097E-5
2025-09-02T00:00:00.000Z,0,-1.8455310782883316E-4
2025-08-30T00:00:00.000Z,0,
2025-08-31T00:00:00.000Z,0,-2.915733930421993E-4
2025-09-01T00:00:00.000Z,0,2.99103201541584E-4
2025-10-27T00:00:00.000Z,0,
2025-10-23T00:00:00.000Z,0,2.5929107550837216E-5
2025-10-29T00:00:00.000Z,0,
2025-10-26T00:00:00.000Z,0,-1.1331172771633646E-4
2025-10-28T00:00:00.000Z,0,-1.6746239049325595E-4
2025-10-30T00:00:00.000Z,0,-2.595460828160867E-4
2025-10-25T00:00:00.000Z,0,2.0838721729887766E-4
2025-10-24T00:00:00.000Z,0,
2026-02-03T00:00:00.000Z,0,
2026-02-01T00:00:00.000Z,0,
2026-01-31T00:00:00.000Z,0,1.4426193683902966E-4
2026-01-28T00:00:00.000Z,0,
2026-01-29T00:00:00.000Z,0,1.0071733777294867E-4
2026-02-02T00:00:00.000Z,0,
2026-01-27T00:00:00.000Z,0,
2026-01-30T00:00:00.000Z,0,8.286997351802938E-5
2026-05-21T00:00:00.000Z,0,2.0608232443919405E-4
2026-05-19T00:00:00.000Z,0,1.3761710215476342E-4
2026-05-23T00:00:00.000Z,0,5.54575672140345E-4
2026-05-25T00:00:00.000Z,0,0.0010952339216601104
2026-05-26T00:00:00.000Z,0,-6.2025637816987E-5
2026-05-20T00:00:00.000Z,0,2.1360727259889245E-5
2026-05-22T00:00:00.000Z,0,7.224553555715829E-4
2026-05-24T00:00:00.000Z,0,0.0019054659351240844
2026-08-16T00:00:00.000Z,0,1.4247261424316093E-4
2026-08-21T00:00:00.000Z,0,4.505051037995145E-5
2026-08-18T00:00:00.000Z,0,1.099098326449166E-4
2026-08-15T00:00:00.000Z,0,1.138329753302969E-4
2026-08-19T00:00:00.000Z,0,7.137191423680633E-4
2026-08-22T00:00:00.000Z,0,1.707468618405983E-5
2026-08-17T00:00:00.000Z,0,2.5917450329870917E-5
2026-08-20T00:00:00.000Z,0,5.293502545100637E-4
2026-07-21T00:00:00.000Z,0,-1.7023866045443963E-5
2026-07-15T00:00:00.000Z,0,-1.2567734211188508E-4
2026-07-20T00:00:00.000Z,0,1.0145767828362295E-4
2026-07-17T00:00:00.000Z,0,3.535441319399979E-4
2026-07-16T00:00:00.000Z,0,3.670180740300566E-5
2026-07-14T00:00:00.000Z,0,8.576331538279192E-6
2026-07-19T00:00:00.000Z,0,4.3700507618874934E-4
2026-07-18T00:00:00.000Z,0,5.468475337693235E-4
2025-09-20T00:00:00.000Z,0,
2025-09-16T00:00:00.000Z,0,2.083925464830827E-4
2025-09-18T00:00:00.000Z,0,8.66664594620185E-5
2025-09-15T00:00:00.000Z,0,1.0894778279180173E-4
2025-09-14T00:00:00.000Z,0,1.151928081526421E-4
2025-09-19T00:00:00.000Z,0,-1.4018380497304861E-5
2025-09-13T00:00:00.000Z,0,-4.7205770897562616E-5
2025-09-17T00:00:00.000Z,0,-7.472423749277368E-5
2025-11-20T00:00:00.000Z,0,
2025-11-19T00:00:00.000Z,0,-6.104935891926289E-4
2025-11-17T00:00:00.000Z,0,
2025-11-22T00:00:00.000Z,0,
2025-11-23T00:00:00.000Z,0,
2025-11-18T00:00:00.000Z,0,2.5884232309181243E-4
2025-11-21T00:00:00.000Z,0,
2025-11-16T00:00:00.000Z,0,9.334590686194133E-5
2026-02-14T00:00:00.000Z,0,
2026-02-13T00:00:00.000Z,0,
2026-02-16T00:00:00.000Z,0,2.6209479983663186E-4
2026-02-19T00:00:00.000Z,0,
2026-02-18T00:00:00.000Z,0,
2026-02-15T00:00:00.000Z,0,1.2469350440369453E-4
2026-02-12T00:00:00.000Z,0,2.2960471687838435E-4
2026-02-17T00:00:00.000Z,0,
2026-07-28T00:00:00.000Z,0,-3.074227424804121E-4
2026-07-24T00:00:00.000Z,0,4.73517732189066E-4
2026-07-25T00:00:00.000Z,0,4.244935926180915E-4
2026-07-26T00:00:00.000Z,0,9.307061372965109E-5
2026-07-22T00:00:00.000Z,0,3.271798414061777E-5
2026-07-29T00:00:00.000Z,0,3.1127007059694733E-4
2026-07-23T00:00:00.000Z,0,1.983945767278783E-4
2026-07-27T00:00:00.000Z,0,1.7269604722969234E-4
