dimensi,k,silhouette,inertia,seed,min_size,ukuran_cluster
204,2,0.4838458678560085,5693.411375608319,42,1,33;1
204,3,0.14338566569683903,4449.617947877045,42,2,13;2;19
204,4,0.1430418666986396,3912.738467572592,42,1,19;1;1;13
204,5,0.21264206763367777,3302.5242958435347,42,1,4;22;1;1;6
204,6,0.1128426769576349,2955.7302684619376,42,1,4;1;12;1;2;14
204,7,0.11340526141532148,2558.174522391596,42,1,15;2;1;1;1;4;10
204,8,0.1411506303251949,2287.1806695204896,42,1,1;8;17;1;1;2;1;3
204,9,0.11149590403561552,1965.7501075074442,42,1,4;1;3;1;12;7;2;3;1
204,10,0.03249379796710955,1855.0004939826997,42,1,5;3;2;1;4;1;5;1;11;1
74,2,0.4294493580516516,2032.1324127518562,42,4,4;30
74,3,0.40871214980583975,1583.6628381412786,42,2,2;30;2
74,4,0.3296261884622983,1239.7172500559352,42,2,2;5;25;2
74,5,0.3719087648883388,990.3260274881135,42,1,26;4;2;1;1
74,6,0.3795852817269396,810.8634138658088,42,1,1;25;1;1;2;4
74,7,0.10043965232396834,713.03655143231,42,1,9;1;1;16;4;2;1
74,8,0.11199816675770385,638.3294680711183,42,1,14;1;1;2;1;3;11;1
74,9,0.12588115577544445,533.3932744250224,42,1,2;14;1;7;2;1;1;2;4
74,10,0.11279923532321832,499.9191325753752,42,1,1;17;1;1;2;2;1;7;1;1
37,2,0.49705392202004184,977.0989919200006,42,2,2;32
37,3,0.33110507284436,779.7044751353615,42,2,8;24;2
37,4,0.34559196336293,605.7211746466801,42,2,25;5;2;2
37,5,0.3524566780476889,494.9498234848272,42,1,25;5;1;2;1
37,6,0.358525848456346,389.8860833155231,42,1,5;2;24;1;1;1
37,7,0.33090903277378664,320.9831133457009,42,1,23;2;4;2;1;1;1
37,8,0.2650437061853858,257.2172663373045,42,1,5;2;19;1;4;1;1;1
37,9,0.20099541652110542,223.03612047699727,42,1,17;1;1;2;7;1;1;1;3
37,10,0.20932785310587157,192.8489988514661,42,1,1;16;2;1;1;1;1;3;7;1
