dimensi,k,silhouette,inertia,seed,min_size,ukuran_cluster
204,2,0.5287610677419752,4895.841526509352,42,2,32;2
204,3,0.2288701160722659,3918.893150408375,42,2,2;23;9
204,4,0.2576851927289834,3380.4852997077505,42,2,22;2;8;2
204,5,0.2487039092114049,2997.5183419346567,42,1,22;2;7;2;1
204,6,0.1444520284551501,2578.197219811742,42,1,7;8;1;15;1;2
204,7,0.12835087082456043,2189.2750730082976,42,1,12;1;7;2;1;10;1
204,8,0.15828710840267704,1960.6421484577518,42,1,10;1;13;1;1;2;1;5
204,9,0.1443056579243402,1786.4568780771062,42,1,14;10;1;1;4;1;1;1;1
204,10,0.1395585558959813,1556.1002095906097,42,1,6;1;13;1;1;2;7;1;1;1
74,2,0.7010219319525872,1516.1945247710757,42,1,33;1
74,3,0.4076025972743681,1229.7970905266397,42,1,31;2;1
74,4,0.4146676659501253,1003.6124837894965,42,1,30;2;1;1
74,5,0.11647816957521398,857.6751048353788,42,1,20;1;2;1;10
74,6,0.13759613718267827,655.9845697336335,42,1,1;19;10;2;1;1
74,7,0.14330943364746218,560.0938980626705,42,1,18;2;1;1;1;1;10
74,8,0.13567401998040673,493.1173291129895,42,1,17;1;1;1;1;2;4;7
74,9,0.13305166005705038,430.3908656916765,42,1,14;1;1;1;1;2;4;6;4
74,10,0.09371179220338287,398.48392534346254,42,1,1;6;1;6;6;2;4;1;1;6
37,2,0.6845364652347752,824.7261991082341,42,1,33;1
37,3,0.5235747104390617,592.5450252971832,42,1,31;2;1
37,4,0.20635237537820858,480.8714855212219,42,1,12;1;19;2
37,5,0.22767323871511436,328.0453877800073,42,1,18;12;1;1;2
37,6,0.2226494728216223,272.7357957331169,42,1,1;18;11;1;1;2
37,7,0.16403939501333026,241.09498491735178,42,1,6;1;17;1;6;2;1
37,8,0.1696544100552939,207.84127904502327,42,1,4;15;1;2;1;1;3;7
37,9,0.17300834532447695,185.2025724961182,42,1,1;7;2;1;5;1;1;13;3
37,10,0.153287229479566,162.40722470204275,42,1,9;1;6;4;2;1;1;4;5;1
