id,kelas,band_1,band_2,band_3,band_4,band_5,band_6
N001,non_sawah,2694.4615384615386,2772.346153846154,2795.769230769231,2834.6923076923076,3407.8846153846152,3255.653846153846
N002,non_sawah,2334.9189189189187,2383.189189189189,2406.108108108108,2156.2162162162163,3098.2972972972975,3244.4054054054054
N003,non_sawah,1426.027027027027,1560.1351351351352,1617.4594594594594,1784.027027027027,1764.4324324324325,1343.054054054054
N004,non_sawah,1839.7857142857142,2111.3809523809523,2314.095238095238,2702.6666666666665,2968.285714285714,2523.809523809524
N005,non_sawah,1375.351851851852,1632.888888888889,1891.4259259259259,2306.240740740741,2756.037037037037,2447.037037037037
N006,non_sawah,1210.4259259259259,1424.148148148148,1576.8333333333333,1789.2222222222222,2148.222222222222,1681.388888888889
N007,non_sawah,1375.7407407407406,1638.8703703703704,1914.7222222222222,2361.685185185185,2751.5555555555557,2383.3703703703704
N008,non_sawah,4358.238095238095,4429.071428571428,4567.214285714285,4509.726190476191,5872.607142857143,5825.690476190476
N009,non_sawah,1690.0430107526881,2113.8494623655915,2756.2258064516127,3039.1505376344085,3611.494623655914,3158.8924731182797
N010,non_sawah,237.23333333333332,501.6333333333333,248.50833333333333,3433.35,1510.6166666666666,740.7583333333333
N011,non_sawah,455.7083333333333,713.5416666666666,605.375,1914.925,1042.075,584.875
N012,non_sawah,349.84166666666664,567.875,375.60833333333335,2620.15,1493.3416666666667,765.9416666666667
N013,non_sawah,338.69166666666666,548.8833333333333,403.85833333333335,2330.6833333333334,1396.35,711.3583333333333
N014,non_sawah,479.84166666666664,662.075,669.3166666666667,1309.7916666666667,1060.375,717.5333333333333
N015,non_sawah,299.05,482.73333333333335,348.775,2070.3,1132.0916666666667,661.125
N016,non_sawah,348.4916666666667,634.5416666666666,404.09166666666664,2737.8166666666666,1319.475,606.025
N017,non_sawah,424.55833333333334,691.1,566.675,1789.3166666666666,561.2333333333333,345.2916666666667
N018,non_sawah,291.775,555.95,425.40833333333336,1976.7916666666667,1244.1833333333334,728.4166666666666
N019,non_sawah,182.26666666666668,366.6166666666667,161.8,3547.4166666666665,1426.55,635.2
N020,non_sawah,230.275,443.6666666666667,186.60833333333332,4123.45,1632.8166666666666,729.45
N021,non_sawah,206.31666666666666,391.3,201.975,3238.766666666667,1390.8333333333333,661.2916666666666
N022,non_sawah,212.63333333333333,398.55,203.91666666666666,3211.391666666667,1389.0416666666667,674.35
N023,non_sawah,387.34166666666664,687.475,548.9416666666667,2534.2166666666667,1456.525,834.7416666666667
N024,non_sawah,345.9166666666667,605.125,414.125,2719.5916666666667,1434.475,687.775
N025,non_sawah,461.90833333333336,726.4666666666667,651.275,1989.7166666666667,1464.9333333333334,912.5083333333333
N026,non_sawah,207.50833333333333,405.09166666666664,198.225,2865.6916666666666,1292.0666666666666,635.7
N027,non_sawah,282.14166666666665,445.3666666666667,230.08333333333334,3110.075,1348.9583333333333,638.7416666666667
N028,non_sawah,480.3,763.5166666666667,566.6416666666667,2007.1833333333334,997.6916666666667,562.8333333333334
N029,non_sawah,415.9,737.475,490.575,3662.05,1703.45,856.725
N030,non_sawah,192.13333333333333,380.65833333333336,165.30833333333334,3750.075,1447.9083333333333,657.1916666666667
N031,non_sawah,548.9666666666667,748.7333333333333,718.175,1403.6916666666666,1184.3166666666666,760.9
N032,non_sawah,297.05833333333334,494.30833333333334,260.80833333333334,3452.1916666666666,1524.25,711.95
N033,non_sawah,417.23333333333335,680.325,613.7083333333334,1250.9083333333333,957.7,601.5666666666667
N034,non_sawah,438.75,686.2333333333333,456.93333333333334,2050.633333333333,1353.5916666666667,698.1333333333333
N035,non_sawah,2745.7833333333333,2884.0833333333335,3020.975,2959.766666666667,4121.533333333334,4215.85
N036,non_sawah,2335.275,2409.6833333333334,2479.4083333333333,2314.2166666666667,3285.8416666666667,3310.5416666666665
N037,non_sawah,1188.35,1394.7416666666666,1785.3666666666666,2618.108333333333,3193.475,2506.625
N038,non_sawah,1218.275,1495.55,1909.8583333333333,2672.9666666666667,3500.35,2785.075
N039,non_sawah,1392.2333333333333,1731.75,2150.5833333333335,2557.025,2814.6916666666666,2530.516666666667
N040,non_sawah,1756.8166666666666,2298.1666666666665,2988.9,3159.266666666667,3601.6583333333333,3228.675
N041,non_sawah,2105.1666666666665,2630.7916666666665,2910.95,3823.175,3319.225,2100.725
N042,non_sawah,1963.9916666666666,2177.5583333333334,2425.4083333333333,2446.4333333333334,2813.9583333333335,2756.3
N043,non_sawah,1726.0083333333334,2133.1916666666666,2519.9666666666667,2691.0916666666667,3001.641666666667,2650.625
N044,non_sawah,2147.383333333333,2285.425,2469.4,2321.991666666667,3419.675,3542.2
N045,non_sawah,1203.25,1452.325,1886.9166666666667,2648.516666666667,3479.741666666667,2789.275
N046,non_sawah,1230.05,1599.3083333333334,2117.2166666666667,2345.016666666667,2939.6833333333334,2538.883333333333
N047,non_sawah,2326.3166666666666,2401.275,2465.25,2331.9416666666666,3719.116666666667,4091.5416666666665
N048,non_sawah,1978.8416666666667,2051.7833333333333,2306.7,2669.875,3291.4666666666667,2521.1
N049,non_sawah,1545.1333333333334,1824.9416666666666,2134.1583333333333,2217.45,2334.1583333333333,2214.275
N050,non_sawah,3771.983333333333,3800.241666666667,3793.75,3508.258333333333,4971.891666666666,5220.758333333333
S001,sawah,212.7941176470588,397.0882352941176,263.6470588235294,557.7941176470588,290.44117647058823,180.08823529411765
S002,sawah,262.61764705882354,467.61764705882354,313.61764705882354,551.0588235294117,326.0,200.88235294117646
S003,sawah,155.43589743589743,338.43589743589746,208.76923076923077,484.2307692307692,292.15384615384613,179.87179487179486
S004,sawah,706.0731707317074,892.9512195121952,1088.219512195122,2071.317073170732,2450.682926829268,2041.0
S005,sawah,376.0,668.0,511.0,525.4634146341464,147.0487804878049,93.2439024390244
S006,sawah,166.91304347826087,212.43478260869566,217.7826086956522,481.95652173913044,411.32608695652175,282.3478260869565
S007,sawah,156.2826086956522,359.7826086956522,200.67391304347825,437.32608695652175,178.80434782608697,131.93478260869566
S008,sawah,440.39130434782606,586.0652173913044,440.9782608695652,575.9347826086956,185.34782608695653,118.21739130434783
S009,sawah,208.56,336.26,277.62,692.48,354.62,226.32
S010,sawah,279.44642857142856,374.35714285714283,265.98214285714283,776.0892857142857,232.75,129.42857142857142
S011,sawah,215.7741935483871,447.69354838709677,321.06451612903226,586.6935483870968,218.9516129032258,139.38709677419354
S012,sawah,601.3809523809524,810.6825396825396,1105.2380952380952,2453.1111111111113,3006.6825396825398,1919.6349206349207
S013,sawah,572.2121212121212,919.3333333333334,941.5151515151515,2811.4545454545455,2599.3636363636365,1788.0
S014,sawah,777.6119402985074,964.044776119403,1205.089552238806,2488.5373134328356,2910.89552238806,2075.686567164179
S015,sawah,258.82666666666665,353.53333333333336,258.3333333333333,546.5733333333334,148.74666666666667,101.56
S016,sawah,358.37179487179486,502.8076923076923,424.21794871794873,825.7692307692307,262.78205128205127,164.02564102564102
S017,sawah,341.4761904761905,484.0,365.42857142857144,892.5595238095239,262.1309523809524,154.8095238095238
S018,sawah,378.81609195402297,531.0919540229885,487.2758620689655,627.2873563218391,251.75862068965517,152.57471264367817
S019,sawah,224.0531914893617,344.6914893617021,253.27659574468086,658.4787234042553,214.0531914893617,125.22340425531915
S020,sawah,600.0181818181818,873.9727272727273,964.6636363636363,2458.5545454545454,2205.336363636364,1620.7545454545455
S021,sawah,729.6814159292036,867.3982300884956,1099.3362831858408,1655.2920353982302,2416.8849557522126,2136.0
S022,sawah,583.2833333333333,817.3666666666667,971.7,2310.866666666667,2326.5916666666667,1575.725
S023,sawah,257.14166666666665,584.7916666666666,309.875,560.175,211.51666666666668,133.5
S024,sawah,756.175,1058.1333333333334,1250.2916666666667,2596.4333333333334,2879.108333333333,1985.4666666666667
S025,sawah,449.05,586.3,490.95,734.0083333333333,269.875,181.95
S026,sawah,368.40833333333336,552.2416666666667,429.6166666666667,554.5333333333333,235.19166666666666,150.03333333333333
S027,sawah,197.425,481.15,217.29166666666666,412.35833333333335,174.28333333333333,103.65833333333333
S028,sawah,261.34166666666664,441.275,343.1666666666667,853.6416666666667,304.3,184.0
S029,sawah,228.49166666666667,331.975,240.41666666666666,641.8083333333333,121.90833333333333,81.74166666666666
S030,sawah,195.34166666666667,371.725,282.0,577.9333333333333,288.44166666666666,179.75833333333333
S031,sawah,241.93333333333334,491.31666666666666,256.9166666666667,576.6166666666667,179.34166666666667,114.45833333333333
S032,sawah,295.46666666666664,477.375,344.45,648.75,292.78333333333336,175.44166666666666
S033,sawah,732.4583333333334,892.075,1095.6333333333334,1685.1916666666666,2416.858333333333,2173.0
S034,sawah,204.41666666666666,656.4916666666667,332.2083333333333,600.1583333333333,238.65833333333333,155.35
S035,sawah,736.8833333333333,908.075,1085.675,1816.0083333333334,2423.266666666667,2089.9333333333334
S036,sawah,193.31666666666666,470.9916666666667,230.16666666666666,402.3,167.5,116.35833333333333
S037,sawah,263.475,557.7333333333333,287.30833333333334,400.45,115.05833333333334,76.2
S038,sawah,675.3833333333333,910.9916666666667,1069.2,2853.616666666667,2336.891666666667,1706.5916666666667
S039,sawah,706.6,858.3083333333333,985.9166666666666,1728.55,2158.4083333333333,1911.1916666666666
S040,sawah,231.8,360.64166666666665,294.15833333333336,579.2833333333333,178.45,115.96666666666667
S041,sawah,708.7666666666667,864.8083333333333,1055.3,1705.975,2282.775,2041.175
S042,sawah,732.5083333333333,911.0583333333333,1012.3583333333333,2036.1166666666666,2290.7,1905.4
S043,sawah,715.4916666666667,881.3916666666667,991.125,1907.7666666666667,2246.0583333333334,1932.0833333333333
S044,sawah,193.39166666666668,300.3,193.66666666666666,533.4583333333334,134.35833333333332,90.61666666666666
S045,sawah,295.5,502.34166666666664,277.78333333333336,617.8333333333334,152.525,103.59166666666667
S046,sawah,216.28333333333333,377.80833333333334,222.18333333333334,372.625,168.825,105.15
S047,sawah,142.95833333333334,333.0833333333333,166.225,311.8666666666667,129.24166666666667,90.29166666666667
S048,sawah,785.0583333333333,932.9583333333334,1116.7,1669.6083333333333,2305.4333333333334,2150.25
S049,sawah,138.76666666666668,371.475,186.60833333333332,522.625,259.23333333333335,170.49166666666667
S050,sawah,339.93333333333334,668.4333333333333,373.84166666666664,647.2666666666667,220.50833333333333,125.83333333333333
