daerah,cluster
"Asemrowo, Surabaya",1
"Bandung - Jogoroto, Jombang",1
"Bangkalan, Bangkalan",1
"Banyu Ajuh, Perumnas, Kamal",1
"Banyuajuh kamal, Bangkalan",1
Baron Nganjuk,1
"Cerme, Gresik",1
"Dukun, Gresik",1
"Gresik Kota, Gresik",1
"Jabon , Sidoarjo",1
"Kamal, Bangkalan",1
"Kec. Kalianget, Sumenep",1
Kedungpring Lamongan,1
"Kerek, Tuban",1
"Kertosono, Nganjuk",1
"Kota Sumenep, Sumenep",1
"Kwanyar, Bangkalan",1
"Labang, Bangkalan",0
"Manyar, Gresik",1
"Menganti, Gresik",1
Nunukan,0
"Paciran, Lamongan",1
"Pilangkenceng, Madiun",1
"sambeng, lamongan",1
"Sidoarjo, Wonoayu",1
"Socah, Bangkalan",1
"Sreseh, Sampang",1
"Tanah Merah, Bangkalan",1
"Tikala, Manado",1
"Waru, Pamekasan",1
"Warudoyong, Kota Sukabumi",1
"Widang, Tuban",1
"Widodaren, Ngawi",1
"Wonokromo, Surabaya",1
