daerah,cluster
"Asemrowo, Surabaya",0
"Bandung, Jogoroto, Jombang",0
"Banyu Ajuh, Perumnas, Kamal",0
Baron Nganjuk,0
"Cerme, Gresik",0
"Dukun, Gresik",0
"Gresik Kota, Gresik",0
"jabon , Sidoarjo",0
"Kamal, Bangkalan",2
"Kamal, Banyuajuh",1
"Kec. Bangkalan, Kab. Bangkalan",0
"Kec. Kalianget, Sumenep",0
Kedungpring Lamongan,0
"Kerek, Tuban",0
"Kertosono, Ngajuk",0
"Kota Sumenep, Sumenep",0
"Kwanyar, Bangkalan",0
"Labang, Bangkalan",0
Menganti Gresik,0
Nunukan,0
"Paciran, Lamongan",0
"Pilangkenceng, Madiun",0
sambeng lamongan,0
"Socah, Bangkalan",0
"Sreseh, Sampang",0
"Tanah Merah, Bangkalan",0
"Tikala, Manado",0
"Waru, Pamekasan",0
"Warudoyong, Kota Sukabumi",0
"Widang, Tuban",0
"Widodaren, Ngawi",0
Wonoayu,0
"Wonokromo, Surabaya",0
