komponen,explained,cumulative
1,0.5151913621939168,0.5151913621939168
2,0.14130495927943387,0.6564963214733507
3,0.07739545376246217,0.7338917752358128
4,0.04645224013477175,0.7803440153705846
5,0.04233019033289332,0.8226742057034779
6,0.029279533279876927,0.8519537389833549
7,0.02052956758373231,0.8724833065670872
8,0.01670327944514992,0.8891865860122371
9,0.015575595013409044,0.9047621810256461
10,0.01325242390890228,0.9180146049345483
11,0.01100989152452318,0.9290244964590715
12,0.009143165782428722,0.9381676622415002
13,0.007727933970394351,0.9458955962118946
14,0.006474576074493415,0.952370172286388
15,0.006025604840168324,0.9583957771265563
16,0.005518682484209078,0.9639144596107654
17,0.005508894390304387,0.9694233540010698
18,0.004591620592569529,0.9740149745936394
19,0.004118827318996238,0.9781338019126357
20,0.003601247328393001,0.9817350492410286
21,0.0033477663597967972,0.9850828156008254
22,0.002974912271042288,0.9880577278718677
23,0.002186415913669053,0.9902441437855368
24,0.0016989654331163594,0.9919431092186531
25,0.0015859253043367827,0.9935290345229899
26,0.0013685310863123788,0.9948975656093023
27,0.0013116776738003714,0.9962092432831027
28,0.001087978372474933,0.9972972216555777
29,0.0008922188793372194,0.9981894405349149
30,0.0007867521026637819,0.9989761926375786
31,0.0005685700689848048,0.9995447627065634
32,0.0004552372934366326,1.0
33,3.5845892986478303e-33,1.0
