id,kelas,band_1,band_2,band_3,band_4,band_5,band_6
N001,non_sawah,397.075,659.1333333333333,678.3583333333333,2423.825,2467.6916666666666,1462.5583333333334
N002,non_sawah,489.5083333333333,768.4666666666667,705.1333333333333,2721.9416666666666,1799.9833333333333,982.85
N003,non_sawah,267.51666666666665,589.7666666666667,419.85833333333335,3074.3,2158.758333333333,1156.1833333333334
N004,non_sawah,453.975,747.1,773.3416666666667,2853.0333333333333,2446.825,1617.125
N005,non_sawah,521.6083333333333,866.7916666666666,793.1666666666666,3027.7166666666667,2335.55,1380.65
N006,non_sawah,467.1,803.55,775.425,2939.233333333333,2155.0666666666666,1338.6416666666667
N007,non_sawah,406.9,714.55,644.4166666666666,2952.55,2429.5583333333334,1549.325
N008,non_sawah,187.26666666666668,576.925,216.16666666666666,3972.7083333333335,2009.4083333333333,859.0416666666666
N009,non_sawah,165.81666666666666,505.64166666666665,194.89166666666668,3691.8166666666666,1784.8333333333333,756.1166666666667
N010,non_sawah,140.84166666666667,387.80833333333334,194.24166666666667,2677.15,906.75,376.7416666666667
N011,non_sawah,404.53333333333336,687.95,646.9,2781.6,2416.6583333333333,1480.25
N012,non_sawah,177.71666666666667,464.8833333333333,211.95833333333334,3265.2083333333335,1795.1166666666666,795.275
N013,non_sawah,184.20833333333334,465.1,205.99166666666667,3540.575,1825.6333333333334,795.575
N014,non_sawah,309.48333333333335,502.35,500.875,2461.983333333333,2147.45,1173.8166666666666
N015,non_sawah,394.075,659.8833333333333,619.8333333333334,2449.775,2418.016666666667,1462.3583333333333
N016,non_sawah,304.08620689655174,614.5172413793103,370.82758620689657,2507.3793103448274,1012.0172413793103,435.4310344827586
N017,non_sawah,368.8,622.9333333333333,589.8666666666667,2775.358333333333,2369.3333333333335,1356.3333333333333
N018,non_sawah,339.96666666666664,629.8583333333333,442.425,3274.975,2054.8416666666667,1152.1583333333333
N019,non_sawah,370.4,645.2583333333333,503.80833333333334,2623.6583333333333,1814.1583333333333,1029.175
N020,non_sawah,385.925,647.7166666666667,586.6833333333333,2775.5666666666666,2273.766666666667,1462.825
N021,non_sawah,338.975,623.3833333333333,502.1,2802.508333333333,2200.775,1305.3333333333333
N022,non_sawah,421.475,750.8333333333334,606.8,3182.7833333333333,2302.7083333333335,1395.225
N023,non_sawah,426.975,662.7666666666667,627.2666666666667,2620.8333333333335,2244.4583333333335,1464.725
N024,non_sawah,441.64166666666665,727.7,762.0333333333333,2738.016666666667,2422.266666666667,1718.9
N025,non_sawah,372.85833333333335,674.0166666666667,600.4833333333333,3145.15,2642.516666666667,1585.7083333333333
N026,non_sawah,1683.6078431372548,1802.764705882353,1919.764705882353,2110.470588235294,2727.5098039215686,2569.9411764705883
N027,non_sawah,1378.5569620253164,1529.5316455696202,1568.9367088607594,2516.278481012658,2324.9367088607596,1670.3037974683543
N028,non_sawah,3872.75,3974.4416666666666,4177.175,4822.2,4743.725,3511.016666666667
N029,non_sawah,4413.225,4933.983333333334,5343.316666666667,5951.733333333334,6445.525,5581.625
N030,non_sawah,6355.075,7016.425,7800.266666666666,8185.45,8275.675,7422.316666666667
N031,non_sawah,1465.8083333333334,1877.4583333333333,2322.45,2817.4,3126.0,2798.725
N032,non_sawah,1380.725,1781.3166666666666,2282.25,2539.2916666666665,2815.4416666666666,2597.425
N033,non_sawah,3527.975,3905.5333333333333,4298.583333333333,5036.85,5808.625,4962.191666666667
N034,non_sawah,2094.2833333333333,2654.35,3234.75,3743.8083333333334,3808.108333333333,3126.05
N035,non_sawah,1602.845238095238,1864.607142857143,2147.214285714286,2391.1785714285716,2959.0714285714284,2847.0119047619046
N036,non_sawah,3581.266666666667,4180.708333333333,4866.083333333333,5506.625,4387.833333333333,3041.0333333333333
N037,non_sawah,1670.975,1807.625,1955.2083333333333,2185.4166666666665,2843.983333333333,2633.575
N038,non_sawah,3063.212121212121,3504.4545454545455,3941.5454545454545,4684.909090909091,3677.3939393939395,2554.2727272727275
N039,non_sawah,1473.0,1621.5555555555557,1840.7777777777778,2141.4814814814813,3476.5555555555557,3277.814814814815
N040,non_sawah,5768.784090909091,6357.715909090909,6858.204545454545,7247.284090909091,7311.715909090909,6579.488636363636
N041,non_sawah,2889.964912280702,3179.3859649122805,3478.0,4346.9473684210525,5429.666666666667,4634.298245614035
N042,non_sawah,2714.176470588235,3035.4117647058824,3196.3823529411766,3938.0588235294117,4742.205882352941,3717.5588235294117
N043,non_sawah,1214.4,1587.911111111111,2090.0,2850.711111111111,3988.0444444444443,3095.866666666667
N044,non_sawah,1989.59,2493.27,3089.4,3407.38,3075.18,2326.31
N045,non_sawah,1771.4788732394366,1905.0704225352113,2054.549295774648,2317.6901408450703,3480.718309859155,3387.760563380282
N046,non_sawah,2977.345238095238,3206.0238095238096,3466.1785714285716,4201.333333333333,5112.976190476191,4294.5
N047,non_sawah,1681.8641975308642,1849.3950617283951,2074.58024691358,2479.641975308642,3278.938271604938,3019.938271604938
N048,non_sawah,4215.416666666667,4565.375,4963.666666666667,5471.979166666667,5756.8125,5127.729166666667
N049,non_sawah,1905.4494382022472,2039.3595505617977,2146.179775280899,2369.4157303370785,2925.247191011236,2705.5955056179773
N050,non_sawah,1843.9916666666666,2019.425,2242.6916666666666,2471.575,2912.4,2660.483333333333
S001,sawah,777.325,1046.7166666666667,1255.45,2539.3166666666666,2973.633333333333,1975.2916666666667
S002,sawah,790.75,1042.1916666666666,1384.4166666666667,2226.3083333333334,3187.1916666666666,2499.766666666667
S003,sawah,815.5833333333334,1080.2083333333333,1448.325,2151.525,3219.1833333333334,2508.1666666666665
S004,sawah,772.0416666666666,1068.8916666666667,1414.9666666666667,2553.3416666666667,3383.6666666666665,2416.4
S005,sawah,754.1083333333333,1069.375,1353.075,2706.9083333333333,3376.775,2319.016666666667
S006,sawah,722.2083333333334,922.825,1256.4083333333333,1964.775,3224.758333333333,2542.633333333333
S007,sawah,549.2666666666667,703.725,955.3083333333333,1567.6416666666667,2327.6583333333333,1905.9083333333333
S008,sawah,758.2666666666667,1060.7,1381.9916666666666,2632.1,3352.741666666667,2295.9583333333335
S009,sawah,611.7333333333333,808.8666666666667,1089.1583333333333,1879.8666666666666,2747.65,2014.0666666666666
S010,sawah,780.3583333333333,1038.1083333333333,1367.3916666666667,2566.65,3545.3083333333334,2482.6916666666666
S011,sawah,610.4583333333334,779.6833333333333,1047.8,1636.6833333333334,2729.258333333333,2162.358333333333
S012,sawah,544.4416666666667,698.6166666666667,962.5416666666666,1557.1666666666667,2632.4083333333333,2162.45
S013,sawah,396.4916666666667,620.8333333333334,1254.0166666666667,1747.6166666666666,2299.55,1938.1416666666667
S014,sawah,698.8583333333333,1004.4,1278.4583333333333,2599.025,3164.0583333333334,2195.4
S015,sawah,631.4,821.4583333333334,1106.3416666666667,1776.2416666666666,2863.25,2212.0833333333335
S016,sawah,682.9666666666667,930.3416666666667,1260.0166666666667,2292.5833333333335,3253.825,2254.1
S017,sawah,791.3333333333334,1104.3166666666666,1461.875,2694.491666666667,3508.6833333333334,2405.6
S018,sawah,914.5166666666667,1191.025,1330.85,2598.2833333333333,2820.616666666667,1945.45
S019,sawah,760.2916666666666,981.5916666666667,1287.3583333333333,2160.141666666667,3289.175,2460.7166666666667
S020,sawah,558.25,762.2583333333333,991.9833333333333,2053.65,2732.95,1934.6666666666667
S021,sawah,560.12,926.16,1061.92,2730.96,3158.08,1863.76
S022,sawah,748.175,1012.3083333333333,1365.025,2276.975,3193.7083333333335,2377.383333333333
S023,sawah,533.9166666666666,726.9416666666667,984.3583333333333,1835.9,2641.7,1979.0583333333334
S024,sawah,891.4916666666667,1200.2,1604.575,2730.233333333333,3606.3416666666667,2597.8416666666667
S025,sawah,645.025,873.4583333333334,1161.5583333333334,2115.233333333333,3073.483333333333,2280.125
S026,sawah,573.3833333333333,823.2083333333334,1072.55,2385.4666666666667,3254.875,2044.4916666666666
S027,sawah,651.0666666666667,857.05,1148.975,1865.0916666666667,2968.4333333333334,2274.1666666666665
S028,sawah,645.2,872.3833333333333,1141.5083333333334,2338.3416666666667,3195.75,2141.3166666666666
S029,sawah,535.2583333333333,760.225,1306.0083333333334,1820.7583333333334,2531.2166666666667,2111.7166666666667
S030,sawah,619.475,830.5333333333333,1105.275,2181.6583333333333,3061.75,2138.1833333333334
S031,sawah,653.7,890.3083333333333,1194.0583333333334,2482.2916666666665,3287.6,2216.0916666666667
S032,sawah,790.5916666666667,1038.5083333333334,1398.9333333333334,2210.5416666666665,3162.391666666667,2458.3083333333334
S033,sawah,629.0583333333333,827.2083333333334,1140.275,1779.425,2929.508333333333,2321.3
S034,sawah,652.675,898.7416666666667,1253.3,2610.1666666666665,3345.3083333333334,2209.0416666666665
S035,sawah,698.5416666666666,976.575,1234.1,2312.55,2932.025,1988.1166666666666
S036,sawah,552.3833333333333,696.1083333333333,954.85,1551.9416666666666,2527.75,2075.075
S037,sawah,798.975,1103.9083333333333,1531.975,2554.525,3634.258333333333,2614.516666666667
S038,sawah,596.1166666666667,811.2583333333333,1075.3416666666667,2180.7166666666667,2932.25,2065.8166666666666
S039,sawah,528.5666666666667,715.175,922.175,1835.4916666666666,2618.9666666666667,1945.0166666666667
S040,sawah,803.4583333333334,1089.5166666666667,1517.625,2505.991666666667,3567.891666666667,2606.1583333333333
S041,sawah,735.675,990.8416666666667,1394.3,2079.2,3191.0916666666667,2566.9666666666667
S042,sawah,823.4333333333333,1109.4666666666667,1526.8,2564.175,3557.1666666666665,2595.1666666666665
S043,sawah,601.4583333333334,865.7166666666667,1130.6833333333334,2439.258333333333,3070.508333333333,1932.4
S044,sawah,749.7666666666667,1018.9833333333333,1330.8666666666666,2506.6666666666665,3375.883333333333,2381.633333333333
S045,sawah,548.1833333333333,751.9666666666667,1025.4333333333334,2089.1583333333333,3221.05,2129.8333333333335
S046,sawah,623.5916666666667,815.05,1131.35,1710.5166666666667,2842.7,2285.108333333333
S047,sawah,650.1166666666667,903.7416666666667,1196.9916666666666,2473.133333333333,3375.4583333333335,2275.6666666666665
S048,sawah,733.8166666666667,1008.625,1282.4333333333334,2443.4666666666667,3175.7,2252.0666666666666
S049,sawah,841.0,1184.7166666666667,1584.4916666666666,2785.125,3669.05,2485.25
S050,sawah,548.3833333333333,738.6833333333333,966.975,1682.675,2619.3333333333335,1962.0083333333334
