0,1,2,3,4,5,6,7,8,9,10,11,12,13,14,15,16,17,18,19,20,21,22,23,24,25,26,27,28,29,30,31,32,33,34,35,36
-0.17677669582040204,-0.17680214737825323,-0.17677669512410554,-0.1477911109947848,-0.17677560686216426,-0.17677303072784434,-0.17677096291540756,-0.1767751592185634,-0.17677669527765832,-0.18142963667301706,-0.17677290022604097,-0.15512247483740738,-0.17676285679080525,-0.17677591937151582,-0.176775845282274,-0.17677328099445647,0.17727723771884102,-0.17677669523786277,-0.17677758862995396,-0.1767693440895899,-0.1767690194695414,-0.17677669506300692,-0.17677669528819762,-0.17677264910748255,-0.1767766952884297,-0.14378315429616262,-0.7180505427254221,0.1767735652968718,-0.17677464962464176,-0.1767766948417886,-0.17676743746127863,-0.23049756605357405,-0.24758512880083564,-0.19784719603121936,-0.3941972267506458,0.17766832472648408,-0.17661184205172195
-0.1767766957860103,-0.17680184924778788,-0.1767766950784964,-0.13172149409880105,-0.1767736917876946,-0.17677223279775428,-0.17677058750717908,-0.17677213100971434,-0.17677669523119366,-0.18150167197383954,-0.17677310143090202,-0.15512247483740738,-0.1767608262749497,-0.17676859112288437,-0.17677276315962046,-0.17677241834923701,0.17727656657336874,-0.17677669530497928,-0.17677680337188392,-0.17677314253377777,-0.17677313598948563,-0.17677669520862546,-0.17677669529708634,-0.17677641496223745,-0.17677669529728932,-0.14982754167421786,-0.0030947329074833664,0.17677633241501578,-0.17677799436061686,-0.17677669519069408,-0.1767739133611497,-0.12691825306713256,-0.21747484665893385,-0.16372797073580192,-0.3492496520228068,0.17765427348145552,-0.1767437807744792
-0.1767766960136238,-0.17680629167704953,-0.17677669531732731,-0.15502337058462823,-0.17677577122231977,-0.17677712017991545,-0.17677625140660597,-0.1767743192495046,-0.17677669526508497,-0.18142963667301706,-0.1767775446369009,-0.15512247483740738,-0.17677911300872667,-0.17677532623053085,-0.176773406411839,-0.1767769931211803,0.17728205760575866,-0.17677669523514514,-0.17677369349503624,-0.17677959920803332,-0.1767793443134259,-0.1767766954037945,-0.17677669529256237,-0.17677454730015474,-0.17677669529279447,-0.14378315429616262,-1.0141955920860257,0.17677361583023754,-0.17677521765479162,-0.17677669493090445,-0.17677027380214846,-0.07118436873609023,-0.2151586711095568,-0.16372797073580192,-0.3697930066166348,0.17766382543853393,-0.17661802912760066
-0.17677669563061382,-0.17679839594953595,-0.17677669493431733,-0.1414435894741731,-0.17677262041350586,-0.17676923819160717,-0.17676786921650675,-0.17677317536645962,-0.17677669524757336,-0.18142963667301706,-0.17676997845996986,-0.15512247483740738,-0.1767551884090842,-0.1767734311786062,-0.17677531596826776,-0.17676972011809905,0.17727751072414413,-0.1767766953182977,-0.17677430490802473,-0.17677447141737104,-0.17677460869788267,-0.17677669523376016,-0.17677669529829526,-0.1767770962503406,-0.17677669529852738,-0.14378315429616262,-0.07169341428502674,0.17677709792175156,-0.17677792325117003,-0.17677669548971137,-0.17678794138126383,-0.21684030859745798,-0.2151586711095568,-0.16372797073580192,-0.2972941564860113,0.1776692528351677,-0.17679088693588707
-0.17677669696335543,-0.17684870974013248,-0.1767766951400938,-0.40114916165679276,-0.17677360479055915,-0.1767734472737893,-0.17677244800003036,-0.1767752321252919,-0.17677669527873824,-0.18877723735690946,-0.1767733569506411,-0.4028180394971385,-0.17677038295613146,-0.17677056626612614,-0.17677555421991537,-0.17677366594996846,0.17733788645839857,-0.17677669524605197,-0.17676935158324178,-0.17677165763407335,-0.17677334869049224,-0.17677669520723288,-0.17677669529315937,-0.1767762412744378,-0.17677669528804613,-0.548757108625864,-1.0671268998077974,0.17677856801342504,-0.17677284555462058,-0.17677669586494715,-0.17681716191998675,-0.12193914406822627,-0.21979102220831093,-0.16860214577800442,1.1347038112178935,0.17771618228065775,-0.17691109891615273
-0.17677669594101106,-0.17680496836544746,-0.17677669523392298,-0.16251450141077733,-0.1767733162473012,-0.1767753884896955,-0.1767757999858943,-0.17677372347835113,-0.17677669525602033,-0.18150167197383954,-0.17677582476640594,-0.15512247483740738,-0.17677528238420667,-0.17676946723036335,-0.17677112803154552,-0.17677538019629657,0.1772818477279931,-0.1767766952475778,-0.17677484029265308,-0.17677596352196373,-0.1767759094384644,-0.17677669527876275,-0.1767766952979843,-0.1767769444038314,-0.17677669529820433,-0.14680534798519024,-0.26082837989375807,0.17677668424454188,-0.17677702932748862,-0.17677669551277034,-0.17678771389788075,-0.12018044189850757,-0.21747484665893385,-0.16372797073580192,-0.17572841515791243,0.17767129297173798,-0.1767750926896689
-0.1767766960035383,-0.17680589741382877,-0.17677669530724177,-0.16413677380749464,-0.17677332702117307,-0.17677675146055405,-0.17677800037549604,-0.17677768300113908,-0.17677669531398119,-0.18142963667301706,-0.17677691967748305,-0.15512247483740738,-0.17677918084125352,-0.17678251726720037,-0.17676812074527332,-0.17677679709023178,0.17728470688594059,-0.17677669530231052,-0.17677694340926386,-0.17677876045631893,-0.17677859640669843,-0.17677669538211474,-0.17677669528369347,-0.17677137850767466,-0.17677669528392556,-0.14378315429616262,-0.6465553019333331,0.1767721740223405,-0.17677074306136814,-0.1767766945595604,-0.1767566575647698,-0.15122657302420142,-0.2151586711095568,-0.16372797073580192,-0.39009160834976064,0.17764835637769175,-0.17660210195479534
-0.17677669589212106,-0.17680402126453426,-0.17677669519582456,-0.14980938625023707,-0.1767706413711356,-0.17677485099920523,-0.17677413165313602,-0.1767685627214881,-0.17677669517240718,-0.18142963667301706,-0.17677524519569257,-0.15512247483740738,-0.17677450900545869,-0.17677227683346278,-0.1767660023900282,-0.17677464828354525,0.1772756915081787,-0.17677669513262226,-0.17676712044659715,-0.1767669235438572,-0.1767665382411883,-0.1767766950296916,-0.1767766952973002,-0.1767764822005452,-0.1767766952975323,-0.14378315429616262,0.1360526611651146,0.17677678389590035,-0.17677536163333882,-0.1767766949489608,-0.17676606447006266,-0.08420390867137333,-0.2151586711095568,-0.16372797073580192,-0.27832875120765294,0.17765649535430594,-0.1766781171756499
-0.17677667082753099,-0.17574971694894156,-0.17677669531059403,5.6379232159692485,-0.176776252188551,-0.17677673217242923,-0.17677702356627178,-0.17677743223895395,-0.17677669530975632,-0.009553408910592719,-0.17677644228380693,5.639011027889244,-0.1767785119283378,-0.17677849761532083,-0.17677490337413715,-0.1767767670564175,0.16091868525456463,-0.17677669538064683,-0.17677451094513047,-0.17679975055521813,-0.17679854417126242,-0.1767766957879977,-0.1767766952863188,-0.17677288050888643,-0.17677669528524892,-0.19969373754317363,-1.0992557780876582,0.17677413204348974,-0.17676950881673084,-0.1767766905382986,-0.17643462335722068,5.638809930674381,5.3089200141547295,5.648725767090671,-0.367386230746072,0.14875332902241248,-0.1766917986544355
5.656854249492381,5.656854155451727,5.65685424949238,-0.20723623157468843,5.656854249438189,5.656854249396156,5.656854249359796,5.656854249438795,5.65685424949238,5.654366188858115,5.656854249399618,-0.15512247483740738,5.656854249173069,5.656854249356858,5.656854249380648,5.656854249410511,-5.656832001298223,5.656854249492381,5.656854249389001,5.656854249369959,5.656854249380406,5.65685424949238,5.656854249492381,5.656854249479834,5.656854249492381,5.622562404368542,-1.8975105194326187,-5.656854249480741,5.656854249476636,5.65685424949238,5.656854238612932,-0.09759533570416537,1.765171423607829,-0.16372797073580192,-0.5913280171793945,-5.656784778830999,5.65685423325394
-0.17677669607361374,-0.176807475406033,-0.17677669537731724,-0.15745376664448443,-0.17677451165782385,-0.17677829402358392,-0.1767776849435341,-0.1767765403551235,-0.17677669529780649,-0.18142963667301706,-0.17677830290940408,-0.15512247483740738,-0.17677853120696538,-0.17678232562717053,-0.17677116198034448,-0.17677816446904568,0.17728347298420893,-0.17677669526477596,-0.17677737665104692,-0.17676936699773596,-0.17676901939944456,-0.1767766950790055,-0.1767766952985554,-0.1767772615712483,-0.1767766952987875,-0.14378315429616262,-0.05992429149277015,0.17677653765564544,-0.17677875807656457,-0.1767766952037345,-0.1767736908924395,-0.17151232149489476,-0.2151586711095568,-0.16372797073580192,-0.3250840301698691,0.177637629198645,-0.17677192311448414
-0.17677669794880854,-0.1768836320084874,-0.17677669565061274,-0.5621123277300806,-0.17678250538661133,-0.1767844269437659,-0.17678717439188252,-0.1767765191425431,-0.17677669529750198,-0.19338749660954785,-0.1767834054676148,-0.5558064764928548,-0.1767935540334796,-0.17677620113065348,-0.17678481361637116,-0.1767837849223019,0.17736131644733508,-0.1767766952389914,-0.17678141655888724,-0.1767644344234419,-0.17676775005933287,-0.17677669504277913,-0.17677669530167803,-0.1767805622581273,-0.1767766953013033,-0.6575560814308584,1.4966642286521985,0.17678117942354815,-0.17677910989762025,-0.1767766957057473,-0.1768058272192439,-0.4986258431319808,-0.5116291414298204,-0.47567517343676147,-0.22004467341673134,0.17771351232124385,-0.17680731970291297
-0.17677669577535812,-0.17680136714382483,-0.17677669507906163,-0.15153788277459646,-0.17677200450036704,-0.17677222350400015,-0.17677299188765552,-0.17677254877022813,-0.1767766952377907,-0.18142963667301706,-0.17677225751000025,-0.15512247483740738,-0.17677420038493766,-0.17677091249046115,-0.17676916069354479,-0.17677242843808602,0.17727988338001255,-0.1767766952291193,-0.17677374820499306,-0.1767730599445124,-0.17677296108125817,-0.1767766952227898,-0.17677669529783618,-0.17677684209930283,-0.17677669529806828,-0.14378315429616262,-0.33302095355274997,0.17677677180806095,-0.17677756657640634,-0.17677669544771663,-0.17678606230068705,-0.06506357236156171,-0.2151586711095568,-0.16372797073580192,-0.28381968868455265,0.17767163033029415,-0.17675612347681513
-0.17677669578284202,-0.17680137184058345,-0.17677669508654553,-0.1491743293991428,-0.1767734466617758,-0.17677222496474873,-0.17677157842777838,-0.17677582191759486,-0.17677669528740744,-0.18142963667301706,-0.1767719316637602,-0.15512247483740738,-0.17677008152762483,-0.17677205309194316,-0.17677544997910624,-0.17677256976147498,0.17728018888507602,-0.17677669530270884,-0.17677392490590393,-0.17677303519551457,-0.17677301061848408,-0.1767766952059426,-0.17677669529295714,-0.17677454801253578,-0.17677669529318926,-0.14378315429616262,-0.726332395505181,0.17677437251126707,-0.17677543497782502,-0.17677669567891804,-0.17679688505176372,-0.10490621447526408,-0.2151586711095568,-0.16372797073580192,-0.19793874706322756,0.17768853612063532,-0.1768213679656435
-0.17677669566557827,-0.17679919231194555,-0.1767766949692818,-0.1405122649867355,-0.17677117213297278,-0.17677004393287593,-0.17677060270731554,-0.176771168208464,-0.1767766952157618,-0.18142963667301706,-0.17676907051453922,-0.15512247483740738,-0.17677158131933574,-0.17677113127576322,-0.17676941448237132,-0.17677037004998805,0.17727820283421947,-0.17677669525947728,-0.17676464505944814,-0.17677380180884775,-0.17677387404033773,-0.1767766952238522,-0.1767766952983608,-0.17677707900146328,-0.17677669529859288,-0.14378315429616262,-0.16543645824839803,0.17677764056312176,-0.17677725397059774,-0.17677669558277884,-0.1767920051298664,-0.16685024577323948,-0.2151586711095568,-0.16372797073580192,-0.2108994860998356,0.1776811239000748,-0.17679758363016407
-0.17677669629963177,-0.1768123085320429,-0.1767766955935289,-0.1748529405860036,-0.1767833273963429,-0.1767827308042715,-0.17678303475370952,-0.17678235516140814,-0.17677669537546084,-0.18150167197383954,-0.1767829477885049,-0.15512247483740738,-0.1767783157582605,-0.17678498054392405,-0.17678136090289281,-0.17678246546269008,0.1772863997951722,-0.17677669537511476,-0.17678926345528503,-0.1767828492616483,-0.1767825174633899,-0.17677669546503672,-0.1767766953009644,-0.17677937462386775,-0.1767766953011965,-0.14378315429616262,0.24061868975414755,0.17677842297018886,-0.17677815245107245,-0.17677669557009065,-0.17679119156180872,-0.21503665244814982,-0.21747484665893385,-0.16372797073580192,-0.22536617001397768,0.17768835729605115,-0.17678530606993073
-0.17677669616691793,-0.1768092463095679,-0.17677669546551816,-0.16619464937825598,-0.1767810936613786,-0.17677990231394006,-0.17677994525940374,-0.17678338285799336,-0.1767766953874134,-0.1814656543234283,-0.17678000748695244,-0.15512247483740738,-0.17677688780164683,-0.17678333365904814,-0.1767863838418775,-0.17677990431196208,0.1772880316263341,-0.17677669538421042,-0.176784967965778,-0.17678541087562438,-0.17678531958978316,-0.17677669554113526,-0.17677669529839635,-0.17677734149846064,-0.17677669529862244,-0.14529425114067643,-0.6131870150128937,0.176776457610487,-0.1767769984900748,-0.176776695345414,-0.17678239675629434,-0.10762373557609782,-0.21631675888424534,-0.16372797073580192,-0.24435986628596576,0.17766957276116838,-0.17672839848584226
-0.1767766960381462,-0.17680648901741902,-0.1767766953418497,-0.17205990588033224,-0.17678122124199044,-0.1767773398179659,-0.17677592657091207,-0.17678112560457454,-0.17677669536000706,-0.18142963667301706,-0.1767780071543425,-0.15512247483740738,-0.17676988098975135,-0.17678263854047607,-0.17678386319402914,-0.17677747083003437,0.17728600350507948,-0.1767766953584085,-0.17677977000752831,-0.17678025249362622,-0.1767801196724097,-0.1767766953947481,-0.17677669529726953,-0.17677668283604567,-0.17677669529750162,-0.14378315429616262,-0.8957170370503783,0.1767757165215144,-0.1767766373839517,-0.17677669537031604,-0.17678154202381488,-0.16679686665885463,-0.2151586711095568,-0.16372797073580192,-0.2425817306010338,0.17766939458447953,-0.17674518813197276
-0.1767766959536177,-0.17680480021986955,-0.17677669525732123,-0.15667623445483644,-0.17677849453241995,-0.17677566584220616,-0.17677534751657456,-0.17677841530285787,-0.17677669532411192,-0.18142963667301706,-0.1767758639327398,-0.15512247483740738,-0.17676775835340489,-0.17677846418422263,-0.17677874476144362,-0.17677583053831145,0.17728462508391593,-0.17677669530061887,-0.17677359103972415,-0.1767780501935578,-0.17677792934392325,-0.17677669535138513,-0.176776695291273,-0.17677402344946128,-0.17677669529150508,-0.14378315429616262,-1.0450646841953937,0.17677311925992067,-0.17677385936311096,-0.1767766954059635,-0.1767846701319333,-0.2619025755454283,-0.2151586711095568,-0.16372797073580192,-0.2827511780902815,0.17767185344885908,-0.17676107839853755
-0.17677669637192628,-0.17681375716890266,-0.17677669567562979,-0.1367413323132541,-0.1767834314350472,-0.17678459537776206,-0.17678610861241079,-0.17678117629172152,-0.17677669536065435,-0.18142963667301706,-0.17678447518136842,-0.15512247483740738,-0.1767961572498749,-0.17678075237787483,-0.17678477900744,-0.17678413182092187,0.17728782783109076,-0.17677669534124923,-0.1767920585725147,-0.1767771941605016,-0.17677686864701062,-0.17677669525325787,-0.17677669530208434,-0.176780788636555,-0.17677669530231643,-0.14378315429616262,3.103076751210828,0.17678046296413938,-0.17677985111528338,-0.17677669584748082,-0.1768136183249807,-0.22705857914032412,-0.2151586711095568,-0.16372797073580192,0.5634413630884116,0.1777121780931373,-0.17688958206050118
-0.17677669577505334,-0.17680109567314264,-0.17677669507875687,-0.14962989265915022,-0.17677462422796694,-0.17677197873064243,-0.17677271531129504,-0.1767777799501088,-0.17677669531533294,-0.18142963667301706,-0.17677146984469716,-0.15512247483740738,-0.1767721542707518,-0.1767740368468895,-0.17677635991534008,-0.1767724226854534,0.17728094234101038,-0.17677669531856655,-0.17677775322248943,-0.17677609490931145,-0.1767761041879189,-0.1767766952677589,-0.17677669529839496,-0.17677708559840385,-0.17677669529862705,-0.14378315429616262,0.2505720216070659,0.17677736787300968,-0.17677714575513054,-0.1767766956101111,-0.17679402511201683,-0.22480186257893847,-0.2151586711095568,-0.16372797073580192,-0.19413112801723376,0.17768831056964393,-0.1767577489644304
-0.1767766958635322,-0.1768031632930066,-0.17677669515623126,-0.13922785992990258,-0.17677717397073925,-0.176773541850382,-0.1767737363676599,-0.17677869166049348,-0.17677669532788728,-0.18150167197383954,-0.17677217711693244,-0.15512247483740738,-0.1767736046922744,-0.17678103007991197,-0.17678069137156605,-0.17677389252029171,0.177283861994637,-0.1767766954058653,-0.17677987912166768,-0.17677730729292354,-0.17677747975064567,-0.176776695298164,-0.1767766952992813,-0.17677765627276912,-0.1767766952995134,-0.14378315429616262,0.5610626450066682,0.17677784315419157,-0.17677766279925794,-0.17677669570606713,-0.1767994232721256,-0.21657603345528148,-0.21747484665893385,-0.16372797073580192,-0.07939222270600085,0.17769775609182092,-0.1768265440882962
-0.1767766959457216,-0.17680463785124378,-0.17677669524942513,-0.14803268568113043,-0.17677745190760313,-0.1767754604089467,-0.17677594023814994,-0.17677934176507207,-0.17677669533666523,-0.18142963667301706,-0.17677534415269416,-0.15512247483740738,-0.1767845877290056,-0.17677565932506023,-0.1767815562596171,-0.17677567822115572,0.17728636004159584,-0.17677669535812437,-0.17677064903674966,-0.17678320322480157,-0.1767833167574358,-0.17677669549091243,-0.17677669529764992,-0.17677668863172719,-0.176776695297882,-0.14378315429616262,-0.35736403593541116,0.17677718074904916,-0.17677659468832765,-0.17677669552659223,-0.17678948156817578,-0.1623957127286545,-0.2151586711095568,-0.16372797073580192,-0.20716547577124816,0.17767775005284706,-0.1767787894709127
-0.17677669608626637,-0.17680799023715657,-0.17677669536912752,-0.1643858388729847,-0.1767757435894279,-0.1767779512870246,-0.17677969145821326,-0.17678041033011938,-0.17677669535077858,-0.18157370727466202,-0.17677716297520846,-0.15997925061504914,-0.17677825829090796,-0.17678182210980922,-0.17677401164104883,-0.1767780051364062,0.17728716971196096,-0.17677669532411275,-0.17677750770942907,-0.1767806182750597,-0.17678055296696218,-0.1767766954165033,-0.17677669529767692,-0.17677677972937778,-0.17677669529788315,-0.14982754167421786,-0.12496829185561976,0.1767761270972533,-0.17677736242897135,-0.17677669542743524,-0.1767864216487906,-0.21456255225055354,-0.21979102220831093,-0.16860214577800442,-0.10747201817109865,0.17768124214784783,-0.17673337339651468
-0.17677669610195312,-0.176808873223327,-0.17677669536391474,-0.18206596742197131,-0.17677312291898678,-0.17677797611607007,-0.17677927598575724,-0.176777291421252,-0.1767766953084886,-0.18171777787630697,-0.1767781083064463,-0.16483602639269093,-0.17678288111373436,-0.17677624002888165,-0.1767748364382318,-0.1767779042330941,0.1772848518279578,-0.17677669525066558,-0.1767805758927753,-0.17677485687166444,-0.17677454736027304,-0.176776695225356,-0.1767766952993859,-0.17677792432471656,-0.1767766952995849,-0.1558719290522731,-0.11942096574858761,0.1767778626887176,-0.17677709275604236,-0.17677669573218432,-0.17680214889824097,-0.10425938650748111,-0.22442337330706505,-0.17347632082020692,-0.07589636072517478,0.17769713454720704,-0.1768254662684535
-0.17677669621513986,-0.1768100894040846,-0.17677669551884337,-0.16870547727313423,-0.17678486425808101,-0.1767809551540385,-0.17678050894163055,-0.17678606468153601,-0.1767766954189437,-0.18142963667301706,-0.1767809875258862,-0.15512247483740738,-0.17678082229814507,-0.17678712831926965,-0.17679154557858792,-0.17678096510405794,0.17729041830095535,-0.1767766954144978,-0.17678663094583638,-0.17678362023819308,-0.17678354985081826,-0.17677669549100847,-0.17677669529917722,-0.17677762359508958,-0.17677669529940931,-0.14378315429616262,0.8784334581691374,0.1767775276012724,-0.1767785282730429,-0.17677669546698246,-0.17677670133444867,-0.16118166297555622,-0.2151586711095568,-0.16372797073580192,-0.09593659290785689,0.17766723722728794,-0.17689198412963042
-0.17677669693509682,-0.17682781244354717,-0.1767766962144849,-0.14798282351400957,-0.17678740099017295,-0.17679747738049367,-0.17680066070972092,-0.17677369458560793,-0.17677669525557765,-0.1816457425754845,-0.17679719779446104,-0.16240763850387005,-0.17680863831409582,-0.1767704043679665,-0.1767753546480142,-0.17679559762947378,0.1772928232700896,-0.17677669525701822,-0.17678196194209034,-0.17677729679980497,-0.17677663828772788,-0.1767766952879837,-0.176776695301994,-0.17678064630084428,-0.17677669530222295,-0.15284973536324548,2.3244459314903767,0.17677982063535325,-0.17678047092854374,-0.17677669571409976,-0.17679949385638793,-0.14608502680024657,-0.22210719775768797,-0.17103923329910567,-0.04973465532371098,0.17769075462536488,-0.1768461451803645
-0.17677669644477897,-0.1768153690273969,-0.1767766957484825,-0.17930479121248355,-0.17678375665920112,-0.1767862400085563,-0.17678612373711286,-0.17678083706983935,-0.17677669535630547,-0.18142963667301706,-0.1767857624241549,-0.15512247483740738,-0.17677981009939397,-0.1767805989693594,-0.176781064455523,-0.17678562741510023,0.17729169524377766,-0.17677669532548934,-0.17677588307263753,-0.1767834611546368,-0.1767831417771242,-0.17677669549235642,-0.1767766953009973,-0.1767792169908508,-0.17677669530122941,-0.14378315429616262,0.954618356892693,0.17677884076006725,-0.17677875075548968,-0.17677669573256197,-0.17680005667416052,-0.20991152575778882,-0.2151586711095568,-0.16372797073580192,-0.169101315463742,0.1776875952384436,-0.17685607763380604
-0.1767766961876532,-0.1768102468107038,-0.17677669549135672,-0.1240820209612817,-0.1767753259974148,-0.1767811171997597,-0.17678107269910054,-0.1767693118143922,-0.17677669518511027,-0.18142963667301706,-0.17678234448159735,-0.15512247483740738,-0.17678131281571932,-0.17676622357913174,-0.17677074324648423,-0.1767804169876222,0.1772795542349382,-0.17677669526388481,-0.17678038497669854,-0.17676962109009742,-0.17676947111976815,-0.17677669509800348,-0.17677669529584095,-0.17677601660597178,-0.17677669529607304,-0.14378315429616262,-0.1759720768223122,0.17677451162758165,-0.1767798761591743,-0.17677669534187831,-0.1767775685997262,-0.3034664536029283,-0.2151586711095568,-0.16372797073580192,-0.3059452537995422,0.1776438018093695,-0.176819598176161
-0.1767766958419233,-0.17680256356535615,-0.17677669514562683,-0.1508750782214009,-0.17677522380565996,-0.17677343274059498,-0.1767736917143608,-0.1767761298979402,-0.176776695291887,-0.18142963667301706,-0.17677333434088163,-0.15512247483740738,-0.17678664231027905,-0.17677571461508795,-0.17677616850340583,-0.17677369000639906,0.177281573224282,-0.17677669532802462,-0.17677435399512298,-0.1767780655301219,-0.176778106597519,-0.1767766953644267,-0.17677669529748408,-0.17677657708631708,-0.17677669529771617,-0.14378315429616262,-0.14658444812625746,0.1767769945467816,-0.17677637270650423,-0.17677669571215401,-0.17679907721691704,-0.20095763647869808,-0.2151586711095568,-0.16372797073580192,-0.05036318689061477,0.17768864283993624,-0.17682904163619192
-0.17677669581194744,-0.17680195706967008,-0.17677669511565094,-0.1430638671419646,-0.17677512269056025,-0.17677279337764265,-0.1767736132035712,-0.17677654429535855,-0.17677669529786302,-0.18142963667301706,-0.17677205851004613,-0.15512247483740738,-0.17678596092897028,-0.17676991591135535,-0.17677643349219072,-0.17677312061231096,0.17728231696845326,-0.1767766953262376,-0.17677093489065837,-0.17677744514065905,-0.17677752171093908,-0.17677669532855242,-0.1767766952997094,-0.17677792107863724,-0.17677669529994153,-0.14378315429616262,1.5619335027042578,0.17677857224867777,-0.1767777892471961,-0.1767766957739016,-0.1768051363604465,-0.12591487433432094,-0.2151586711095568,-0.16372797073580192,-0.00258325453784713,0.17770182449913313,-0.176832489976386
-0.1767766954715598,-0.17679495522137254,-0.176776694763182,-0.1427754976105515,-0.17677822928578038,-0.17676536465900514,-0.17676006730724783,-0.17678422964068458,-0.17677669539802304,-0.18150167197383954,-0.17676752019143635,-0.15512247483740738,-0.17675485353382578,-0.1768005956605763,-0.1767903110233423,-0.17676657758433695,0.17728660055317502,-0.17677669538381835,-0.17677642900754575,-0.17677929995127006,-0.17677948111047068,-0.17677669535113724,-0.17677669529599824,-0.17677577209550943,-0.17677669529623036,-0.14378315429616262,-0.07722399805315094,0.1767762444101488,-0.1767751644574283,-0.1767766954710509,-0.17677598309007525,-0.1981538978995217,-0.21747484665893385,-0.16372797073580192,5.407023894274256,0.17768282359974,-0.17685861702377798
-0.17677669585710737,-0.1768037636875323,-0.17677669513870592,-0.16965016146918277,-0.1767701686254604,-0.17677372066508373,-0.17677368198827287,-0.17676745030441404,-0.17677669515318792,-0.18157370727466202,-0.17677319849810447,-0.15997925061504914,-0.1767719225517295,-0.17676549350601073,-0.17676700076497373,-0.17677355951056034,0.17727569075575797,-0.17677669507590793,-0.1767653860724051,-0.17676629057620105,-0.17676592256898901,-0.17677669500529683,-0.17677669529481763,-0.17677520266696092,-0.1767766952949871,-0.15284973536324548,0.11104956610573039,0.17677572111716935,-0.1767765429342531,-0.1767766952415633,-0.17677904437282776,-0.16458079887788302,-0.25221747989958976,-0.2002842835523206,-0.32120496932412335,0.17767478503932155,-0.1767117379918194
