no2_autocorr,no2_calc_centroid,no2_distance,no2_ecdf_percentile_count,no2_ecdf_slope,no2_max_power_spectrum,no2_mfcc,no2_negative_turning,no2_positive_turning,no2_spectral_positive_turning,no2_zero_cross,so2_autocorr,so2_calc_centroid,so2_distance,so2_ecdf_percentile_count,so2_ecdf_slope,so2_max_power_spectrum,so2_mfcc,so2_negative_turning,so2_neighbourhood_peaks,so2_positive_turning,so2_spectral_distance,so2_spectral_positive_turning,so2_zero_cross,co_autocorr,co_calc_centroid,co_distance,co_ecdf_percentile_count,co_ecdf_slope,co_max_power_spectrum,co_mfcc,co_negative_turning,co_positive_turning,co_spectral_decrease,co_spectral_distance,co_spectral_kurtosis,co_spectral_positive_turning
-0.5500175788250541,-0.2043188977642798,0.13806536989035992,0.13324431877573523,-0.4833882603266997,-0.8716502293445126,-0.39752060480189977,-0.6118978605671451,-0.6487039695517192,0.09641628513121868,-0.44841619526870075,0.16314798504052808,-0.8361644691615252,0.134590739192158,0.12975739707019002,-0.4103287029083375,0.40155746713721985,-1.3001583549903066,-1.8059926502124026,-1.4313781695373446,-1.7427350002215445,-2.3159578517878026,-0.0611600458778663,-2.79546327087734,-0.34456700167550686,0.15262056419318254,0.13371256113641838,0.12888612708672098,-0.22573939635407428,-0.3164729572145757,-0.49379905043721956,-0.2770674974311496,-0.2736383702031401,0.18258880649926815,-0.33097241983570486,-0.17373461316083313,0.2073398295108756
0.728655766819516,0.7026997221137732,0.07920364437304883,0.07440916503060505,-0.34297543719355145,1.7814740910596016,-0.47525136140569885,-1.220217371072494,-1.319838920069957,-0.07169416073859937,-0.44841619526870075,0.38502924469564626,0.6221801971169482,0.10516261557748607,0.12975739707019002,-0.3827528867022737,0.7602473638897758,-0.19384959959372558,-0.30910082433802916,0.33191377844344233,-0.3705604947839493,-0.7849139106332521,-0.40773363918577654,-0.31517936510058986,-0.24486250757365807,0.36561353827917936,0.10428980852215208,0.12888612708672098,-0.2410454310627889,1.3466315910678233,0.014311965087317977,-0.5133131378740109,-0.5106754297421655,0.20627388880832337,-0.40715600369522204,-0.18306551572860807,-0.4408950397645047
-0.23034924241391158,0.5009608558597084,-0.03851980593808735,-0.013843565587090245,-0.33714810840057485,-0.3216152249273265,-1.3370431497030362,-1.3418812731735636,-1.319838920069957,-0.5760254983480535,-0.44841619526870075,-0.058733274614590096,0.0978972845518069,0.046306147892132825,0.04152236706246127,-0.37250463186540655,0.16157713724237174,-1.707706690189472,-1.4941401864885748,-0.37340300074887245,-1.493248726505618,-1.4027526529336614,0.8052739373919092,-0.5059704347757245,-0.44427149577735564,0.0028085423407924037,0.07486604687595325,0.07006561271157306,-0.22285561019371877,-0.68261453506588,-0.6949026631448579,-0.7495587783168721,-0.8069717541659474,0.2019266499210451,0.003157074117645308,-0.22806832540320587,-0.27883632244565965
0.728655766819516,-0.7502510190166164,0.13806536987633894,0.13324431877573523,-0.5503846038843391,0.7122576362539075,-0.6147399057040347,-0.1252422521628661,-0.16060582372027352,-0.07169416073859937,-0.13406257384321982,-0.2806145342697083,0.292058797465974,0.1345909362392761,0.12975739707019002,-0.38805513384274837,-0.5845027155949098,-0.011687155348758015,0.0027516393857986367,1.3898889472319145,0.0660404842189219,-0.401011948193137,0.6319871407379541,0.5115819368249935,-0.34456700167550686,0.08911095370019535,0.1337226232236725,0.12888612708672098,-0.2365473044939557,-0.8450749259170847,0.12572067472611909,-0.6314359580954415,-0.6884532243964346,0.22034361139807204,-0.12271726945271101,-0.2412753665254591,-0.11677760512681457
1.5278266078473723,-0.7731103106531795,0.1380653699096273,0.13324431877573523,-0.5822582192970538,1.3499095441659374,-0.11911501677386181,-0.24690615426393586,-0.22161809194920423,0.26452673100103674,-0.13406257384321982,-0.5024957939248265,-0.09469134185257365,0.13459097826621852,0.12975739707019002,-0.39535647356299086,-0.3199263327952172,0.6679655799579903,0.1898631176200953,0.6845721680395997,0.1907836210768851,0.07391788677016456,0.28541354743004393,0.6069774716625608,-0.44427149577735564,0.13674416484532873,0.1337339701076468,0.12888612708672098,-0.23673763727642336,-0.506228179660126,1.236256110249058,-0.2770674974311496,-0.2736383702031401,0.21970712098902634,0.06438319237208714,-0.31027633514303493,0.3693985468297207
1.6876607760529436,0.904477720428839,0.13806536943850425,0.13324431877573523,-0.3570327434303057,1.726188086118373,-0.027772256226435706,0.300581405190878,0.3274923221111722,0.6007476227406728,-0.44841619526870075,-0.2806145342697083,-0.34868391296399537,0.13459076732645786,0.12975739707019002,-0.3430173451598159,0.1619130733444292,-0.41608897175002235,0.12749262487532975,1.3898889472319145,0.1284120526479035,-0.21856360846139497,0.45870034408399907,0.03460426263715693,0.3533644570374347,0.26125938794200887,0.13371688908533458,0.12888612708672098,-0.24055932946878375,1.479195731360627,-0.1837118720334883,0.018239553122426987,0.022657954220641742,0.17068399288775582,-0.36320976340091304,-0.1914570527533067,-0.11677760512681457
-0.8696859152361966,0.16473976253612932,0.07920365101816185,0.07440916503060505,0.047833342559687055,-1.001861520495497,1.9527080239798718,1.8213801814542498,1.7917867596055093,0.6007476227406728,-0.44841619526870075,-0.5024957939248265,0.484848146353678,0.07573452296284193,0.07093404373170419,0.043589358528758004,-0.8520700766890914,1.4580533394696567,1.063050016046813,0.6845721680395997,1.126357147511609,0.38776320454129976,0.45870034408399907,-0.7285600160633815,0.652477939342981,-0.7133805189381256,0.07488658897917826,0.07006561271157306,-0.2326951569955688,0.34431908785477566,2.774202695825167,1.9672660867760323,1.9189544305328454,0.21185455112027046,-0.10348368668575247,-0.32211953752856043,0.045281112192030515
-0.5500175788250541,0.8806184392322285,0.13806536951663442,0.13324431877573523,-0.3893457209458878,0.379588012656728,-1.029390895931187,-0.42940200741554047,-0.40465489663599635,0.4326371768708548,-0.44841619526870075,-0.2806145342697083,0.4411384997256698,0.13459075639011364,0.12975739707019002,-0.24959755250100993,0.04410848478927697,-0.25176142445802646,0.0027516393857986367,-0.02074461115271507,0.0036689157899403024,-0.133425647262767,0.8052739373919092,0.12999979747472423,-0.34456700167550686,0.06720857232622635,0.13372279226687286,0.12888612708672098,-0.2532862710044961,-0.6682379894730551,0.293648564354696,0.19542378345457292,0.2596950137596672,0.2118082149603523,-0.20379002315493897,-0.22517938761760772,0.2073398295108756
-0.5500175788250541,0.027300626028092457,0.13806537110211,0.13324431877573523,-0.4748339815333504,-0.8820641876841371,0.2946946991397397,-0.06441030111233124,-0.0995935554913428,0.09641628513121868,-0.44841619526870075,-0.2806145342697083,0.35972984182315054,0.13459109588653986,0.12975739707019002,-0.41398879804404093,-0.5543865515687144,0.05640568194683177,0.12749262487532975,-0.02074461115271507,0.0660404842189219,-1.0086320742440553,0.45870034408399907,0.3525893787623813,-0.44427149577735564,0.017677333033611128,0.13372177298616064,0.12888612708672098,-0.24044485334864812,-0.7577518194304508,0.399188979950358,-0.3951903176525802,-0.3921568999726528,0.19656827949708952,-0.02825875372191929,-0.25263080359089224,-0.6029537570833498
-0.7098517470306254,-0.005465772426593214,0.13806536974100725,0.13324431877573523,-0.31446122247039243,-0.7654574341370014,0.4786189631230848,0.9697328667467616,0.9376150044004793,0.09641628513121868,0.1802910475822611,-0.2806145342697083,1.0833554195349329,0.13459091628004888,0.12975739707019002,-0.3285126110307885,-0.441807798223776,0.5879853418869889,0.1898631176200953,-1.0787197799411872,0.1907836210768851,-0.7009077255586043,-0.7543072324936867,-0.1561868070379777,-0.44427149577735564,0.17146335316219327,0.13373052746714972,0.12888612708672098,-0.24978042094243683,-0.19594659918313384,-0.07687074048285134,-0.5723745479847262,-0.5699346946269219,0.25462784484962814,-0.447886601091872,-0.24374794937048241,0.5314572641485658
0.009402009894445335,2.7919811190580055,3.3165985284101227,3.3103426210127656,-0.6411411722481104,0.9432552371200673,0.551754339806691,0.9697328667467616,0.9681211385149446,2.5340177502435806,-0.13406257384321982,0.8287917640058826,1.9414004423925764,3.3128382520548447,3.3062184773484247,-0.25125437017995256,1.433665892713778,-0.00768269277913508,-0.46502705619994306,0.8609013628376785,-0.4329320632129309,-2.769941127766243,3.4912192855282136,0.20949607650603033,1.6495228803614688,3.533561838315571,3.3117916984966165,3.3051939033447084,-0.25178618649126555,2.1766189155226185,0.2709097290288467,-0.36565961259722257,-0.3921568999726528,0.2171321614027923,-3.8149071770255447,-0.2496854947416501,3.5295435345471997
-0.0705150742083403,0.19917857050365295,0.13806536932267083,0.13324431877573523,-0.1659637798310383,0.19206759036016216,0.5097693137364874,-0.3685700563650056,-0.40465489663599635,0.26452673100103674,-0.44841619526870075,-0.058733274614590096,-0.6942935470829811,0.13459074341570304,0.12975739707019002,-0.22091265446928496,0.3325835988051655,-0.9920746658282883,0.1898631176200953,1.3898889472319145,0.1907836210768851,-0.0261447237160912,0.9785607340458644,0.7023730065001281,-0.24486250757365807,-0.0811097490411715,0.13371167647026688,0.12888612708672098,-0.2537809769760109,0.023370861937983902,-0.20955423579262075,-0.3361289075418649,-0.33289763508789644,0.17626534729319615,0.09371908923015423,-0.1870866343577528,1.341750850742791
0.24915326220280223,0.4850865019443888,0.13806536949189815,0.13324431877573523,-0.41058422829582103,1.4722478761708542,-0.4342839982554599,-0.5510659095166103,-0.5876917013227885,-0.07169416073859937,-0.44841619526870075,-0.2806145342697083,0.5087189334286855,0.13459076086304145,0.12975739707019002,-0.3178047164230562,-0.5602816521885113,-0.6064328768019748,-0.6833237808066225,1.0372305576357572,-0.6200467684998757,-0.12220025687602995,-0.0611600458778663,-0.12438829542545525,-0.34456700167550686,0.1582047502029116,0.13372514141735156,0.12888612708672098,-0.25708726213082167,-0.1837709219069234,-0.23383840114020002,-0.09988326709900365,-0.09586057554887098,0.2096414145296202,-0.24932278558563598,-0.24096470802232806,-0.27883632244565965
0.24915326220280223,0.475934186944677,0.1380653698945423,0.13324431877573523,-0.49487689274921,1.3423539301716618,-0.256562296418619,-0.3685700563650056,-0.2826303601781349,-0.2398046066084174,-0.44841619526870075,-0.2806145342697083,0.8598298066801323,0.13459073373093303,0.12975739707019002,-0.26692309469045944,-0.27128062923922186,0.17178299941701175,0.0651221321305642,0.33191377844344233,0.0036689157899403024,0.5104939606933901,-0.2344468425318214,0.16179830908724668,-0.34456700167550686,0.17827988183022922,0.133718276105052,0.12888612708672098,-0.24697875384978393,-0.6105343201783665,-0.3953827232935062,0.3726080137867189,0.3782135435291799,0.1814650592555325,-0.23855267221698123,-0.21255200768713903,0.2073398295108756
-0.5500175788250541,-0.5758198019794631,0.13806536948670364,0.13324431877573523,-0.3146109807803419,-0.866279656910819,-0.2606817998839894,0.5439092093930175,0.44951685856903356,1.441299852089763,-0.44841619526870075,-0.5024957939248265,-0.6862056889217604,0.13459083429196383,0.12975739707019002,-0.30830638354002377,-0.3251413184499042,0.39776814341897615,0.8759385378125164,-0.02074461115271507,0.8768708737956827,0.5635979595301681,0.6319871407379541,0.6387759832750832,-0.44427149577735564,0.27609315347056956,0.13373901401949853,0.12888612708672098,-0.25843178473546097,0.2320479651652846,0.303404695131691,0.6088536542295802,0.6152506030682053,0.23156759425116533,-0.3881752979047324,-0.2677243270946773,0.2073398295108756
-0.8696859152361966,0.2830874205156699,0.10863450698052567,0.13324431877573523,4.716467211187962,-1.3337629844470433,2.4043553384467966,1.3347245730499708,1.3647008820029942,-0.40791505247823545,3.9525345046880327,-0.5024957939248265,0.6588724545415927,0.10516258781983898,0.12975739707019002,0.37771706043709363,-0.8152436234095822,1.6507598507506098,1.3749024797706408,-0.7260613903450299,1.3758434212275354,1.5476673295380574,0.28541354743004393,1.4655372852006665,-0.5439759898792045,0.013817665406213637,0.1042882487982256,0.12888612708672098,5.1861574287446315,-0.9740598509196421,0.6665286002678151,1.3766519856688793,1.3263617816852817,0.09178473816791342,0.7943567655667029,-0.2907899229687166,0.045281112192030515
0.4889045145111591,-0.5471616474244503,0.12334993826798293,0.13324431877573523,-0.46799612082791053,0.43429804026360697,-0.7423477604082737,0.17891750308980825,0.14445551742438004,-0.07169416073859937,0.023114236869520646,-0.2806145342697083,0.8304978833942658,0.11987674450066843,0.12975739707019002,-0.30253322186289155,-0.15032408483348783,-0.13948627701488236,0.31460410310962644,0.8609013628376785,0.3155267579348483,-0.20646761349163373,-0.8409506308206643,0.5592797042437772,-0.39441924872643125,-0.004411306132633342,0.11899401516487465,0.12888612708672098,-0.2257033816391787,-0.7058878004070996,-0.5849798736815541,-0.45425172776329553,-0.3921568999726528,0.14081776668101212,0.12649390237779035,-0.17069803041693402,-0.27883632244565965
-0.8696859152361966,-2.6816227473577032,-3.1581912369274705,-3.1615242909515557,1.7126525341475523,-1.2339786252289124,1.184073572978748,0.0572536009887385,0.02243098096651862,-2.59335084878587,-0.44841619526870075,-0.5024957939248265,-2.502890255041859,-3.1613693546701906,-3.164350389885016,-0.31684502816500204,-0.7280840724425421,1.823530254196341,-0.05961885335896692,-0.7260613903450299,-0.05870265263904129,1.3389198315218889,-2.660461995687193,0.03460426263715693,-0.5439759898792045,-2.8364695231131285,-3.162062491990141,-3.1650626779215623,-0.17387486296809165,-1.0906876470290323,0.7493250996821672,0.4316694238974342,0.3782135435291799,0.09475744677919119,2.754722280125397,-0.27402162063645524,-2.547658364909491
-0.0705150742083403,0.3842962947244242,0.10863450963639035,0.13324431877573523,-0.6320821617661075,0.7636115864435117,-0.8301102114485907,-0.42940200741554047,-0.46566716486492704,-0.5760254983480535,-0.44841619526870075,-0.5024957939248265,0.6073782485676709,0.10516285350360738,0.12975739707019002,-0.439426834855398,0.23286165246548357,0.21264012205299473,0.0651221321305642,0.33191377844344233,0.1284120526479035,-0.6486523911451839,0.11212675077608882,0.3207908671498589,-0.34456700167550686,-0.04243567521553259,0.10428631756455901,0.12888612708672098,-0.2239241873222992,-0.7910646362201832,-0.4163753842426887,-0.15894467720971897,-0.2143791053183837,0.17911373881033832,-0.05688365531370664,-0.2212129378014059,0.2073398295108756
-0.5500175788250541,0.27844010204136577,0.13806537011856548,0.13324431877573523,-0.5564968985484205,0.8936135166135479,-1.037703973824149,-0.18607420321340098,-0.22161809194920423,1.273189406219945,-0.44841619526870075,-0.2806145342697083,-0.8352090200767724,0.13459079518972558,0.12975739707019002,-0.3318948812852228,0.04106824955298117,0.4773535409703062,0.6264565668334542,0.33191377844344233,0.5650130316507747,-0.12023771415178686,-0.9275940291476419,0.38438789037490373,-0.34456700167550686,0.0977565973428095,0.13371902855478776,0.12888612708672098,-0.23217156845283393,-0.04549378968443791,-0.030777177916915588,0.31354660367600357,0.31895427864442355,0.18557420672234937,-0.03206629328601495,-0.23517232368061408,0.5314572641485658
-0.5500175788250541,-2.6350271004852126,-3.5407924504499566,-3.543952790294902,0.34129259717462673,-0.9528343851046008,0.43709902743671414,-0.9768895668703543,-1.0147775789253035,-3.0976821863953243,1.7520591547096658,-0.5024957939248265,-2.8741823994070237,-3.5439363309894634,-3.546702186585174,0.3550785750301608,-0.6754336872883061,0.49472389930110194,-0.49621230257232585,-1.0787197799411872,-0.4953036316419125,1.650866498099632,-2.660461995687193,-0.1561868070379777,0.0542509747318883,-3.040197714754639,-3.5446293742320094,-3.547396021360024,-0.23410103165626972,-0.0996128681526569,-0.3302530752840762,-1.6945413400883171,-1.6958607274372928,0.00824683779699234,2.861148936714169,-0.0008163376471951761,-3.0338345168660257
-0.5500175788250541,0.7127943994136318,0.13806536950987905,0.13324431877573523,-0.29099380753700926,-0.5849514010913037,-0.19650162035059635,0.42224530729194776,0.44951685856903356,1.105078960350127,-0.44841619526870075,-0.2806145342697083,-0.43464265774029454,0.1345907750910487,0.12975739707019002,-0.2641183035663478,-0.5939845545262751,0.03864556420887523,0.7511975523229854,1.0372305576357572,0.7521277369377195,0.5019850805337189,-0.0611600458778663,1.2429477039130095,-0.34456700167550686,0.17338998527858707,0.1337147926724978,0.12888612708672098,-0.2531189793046778,-0.10040081492215011,0.370676869962861,0.0773009632331423,0.14117648399015448,0.1710952702820633,-0.2034824578319855,-0.1783044737036998,-0.6029537570833498
-0.8696859152361966,-1.1166066074180379,0.10863450688031256,0.13324431877573523,0.5656204583247885,-1.0315140491006456,1.5790499574852164,2.794691398262808,2.828995319497331,0.26452673100103674,-0.44841619526870075,-0.5024957939248265,-1.7953898479916492,0.10516253775245424,0.12975739707019002,4.5766076752783205,-0.9362271577273237,1.5404971822405866,2.060977899963062,0.33191377844344233,2.0619306739463332,1.118881628287359,0.11212675077608882,-0.12438829542545525,3.3444992800928985,-0.9950571085863468,0.1043143767851149,0.12888612708672098,-0.2615232008843948,0.5768366892494485,2.2284298060897574,2.616941597993901,2.6300656091499217,0.2248659533067547,-0.006650555641821084,-0.32053649434115666,0.2073398295108756
-0.0705150742083403,0.5013222932454837,0.13806536955560078,0.13324431877573523,-0.4068008992461154,1.7483811160111835,0.33380355657855404,0.23974945414034313,0.26648005388224144,-0.5760254983480535,-0.44841619526870075,-0.2806145342697083,0.06864867878511804,0.13459074432806845,0.12975739707019002,-0.22446476906835347,-0.20341673181060993,0.48477100650615484,0.5017155813439231,0.33191377844344233,0.4402698947928115,0.26382166056630746,0.28541354743004393,0.3207908671498589,-0.44427149577735564,0.1905339414596902,0.13372060740572436,0.12888612708672098,-0.24937307397156777,0.6748337367288111,0.8165435758797541,1.0222835250045874,1.0300654572614998,0.17600435162621095,0.048688676247411515,-0.24702317187291367,0.5314572641485658
2.4868316170808,0.5150077056659276,0.1086345066366456,0.13324431877573523,-0.34710769365190935,1.0838762864621936,-2.246506482087648,-0.9768895668703543,-0.7097162377806499,-1.2484672818273257,-0.44841619526870075,3.7132481395224186,1.0205833003706513,0.1051624563075442,0.12975739707019002,-0.37981313348960405,4.881886023661382,-2.4620676326584947,-0.8080647662961536,-2.489353338325817,-0.8695330422158021,-0.9808822843730787,-0.40773363918577654,-2.79546327087734,3.9427262447039912,1.3151766760427948,0.10425412667345033,0.12888612708672098,-0.2741013740599392,0.9234466642258019,-2.2945774647562547,-1.3401728794240253,-1.221786608359242,-0.23562232325758534,-0.688236817559321,1.955114714066878,-0.6029537570833498
-0.8696859152361966,-0.506924069412116,-0.15624325585166515,-0.16093144994991573,1.7028627190978174,-1.3310580374315149,0.6388843248773526,1.273892621999436,1.1816640773162022,0.6007476227406728,0.1802910475822611,-0.5024957939248265,-0.027602685952174782,-0.15969128078660808,-0.16435936962223913,-0.05516040854552602,-0.7456022586966404,1.3888364051179438,1.499643465260172,-0.02074461115271507,1.5005865580854987,1.146291391907298,0.28541354743004393,0.8613655645627403,-0.5439759898792045,-0.2839199116190602,-0.16053822040428428,-0.16521644478901862,0.06126522002673629,-1.4604584530778524,1.274976946873801,1.3766519856688793,1.385621046570038,0.15012652140582705,0.6507656585397317,-0.32381831745003825,0.5314572641485658
0.4089874304083735,-0.8704218232511278,0.020341919376502253,0.015574011285474853,-0.36681311811653633,-0.08394158397957438,0.8761328156222948,-0.42940200741554047,-0.40465489663599635,-0.9122463900876896,1.1233519118587039,-0.2806145342697083,0.8668218502479756,0.016877861881050043,0.012110690393218358,-0.17369240234153552,-0.2911303409392728,0.32841509025385346,0.5017155813439231,1.0372305576357572,0.4402698947928115,0.8356084434114689,0.11212675077608882,0.6387759832750832,-0.24486250757365807,-0.17476942804311166,0.016008893550916985,0.01124509833642514,-0.24793978304036532,-0.6173892220876204,-0.9347486371033292,-0.8676815985383027,-0.9254902839354601,0.18184979618865704,-0.021512313552476327,-0.18245081315960668,0.045281112192030515
-0.7098517470306254,-0.4996234140766574,0.1380653692286443,0.13324431877573523,0.9805423381613083,-0.6856868912682301,0.14987086996150628,-0.18607420321340098,-0.22161809194920423,-0.40791505247823545,-0.44841619526870075,3.935129399177537,0.09181079026849506,0.134590669395623,0.12975739707019002,3.1653577201248697,0.5875745051937612,-1.554972185976667,-2.5544385631495894,-2.842011727921974,-2.553565389798305,0.7624609186470246,-0.2344468425318214,-2.79546327087734,-0.34456700167550686,0.02830836388726164,0.13368018364937242,0.12888612708672098,2.2926236900513413,-1.175831762347015,-2.2517420231601513,-2.4623396715276162,-2.4662311709391256,-5.723251655967964,0.7864634822907018,5.328981382725713,0.2073398295108756
-0.23034924241391158,-0.45235460048985293,0.1380653692342738,0.13324431877573523,0.1348248302504952,-0.8195194282289502,-1.6838173455290324,-1.3418812731735636,-1.319838920069957,-0.07169416073859937,3.00947364041159,-0.2806145342697083,0.5084871949764856,0.1345907203770125,0.12975739707019002,-0.1479823765664151,-0.3673854054951985,-0.279499345773372,-1.1199172300199813,-0.37340300074887245,-1.056647747502747,0.5768034360418348,-0.40773363918577654,-0.21978383026302256,0.0542509747318883,0.27107475315055146,0.1337123353152972,0.12888612708672098,-0.25551777458134767,2.8281567651830493,0.3003661342167226,-0.2770674974311496,-0.33289763508789644,0.24191457779434508,0.27392898083553235,-0.21627011032598537,0.6935159814674108
-0.23034924241391158,-0.651631878294989,0.13806536934959363,0.13324431877573523,-0.14671997105456988,-0.4586093146239253,0.1567571307197754,-0.1252422521628661,-0.16060582372027352,-0.2398046066084174,0.49464466900774207,-0.058733274614590096,-0.27387571884624845,0.1345907071271017,0.12975739707019002,-0.24497551325622874,0.20528747412542314,-0.6458929092123255,-0.3714713170827947,-0.37340300074887245,-0.4329320632129309,0.47493931812933726,-0.2344468425318214,0.22539533231229156,-0.44427149577735564,-0.14513176392368524,0.1337201475673129,0.12888612708672098,-0.23227505846365884,-0.6695779981660214,0.055049112464525825,-0.09988326709900365,-0.09586057554887098,0.18288844655155032,0.29701985725528457,-0.26221768872303663,0.045281112192030515
3.6056707945197988,1.360134694951805,0.13806536934860492,0.13324431877573523,-0.3784016249278684,0.09331483070790976,-1.3500519476369957,-2.497688343133726,-2.4790720164196407,-0.07169416073859937,-0.44841619526870075,0.38502924469564626,-1.2839629686358927,0.13459075066072876,0.12975739707019002,-0.349633700814555,0.5547202083236255,-2.0344989217177907,-2.0554746211914647,-1.0787197799411872,-2.116964410795434,-1.1808345066812962,-0.5810204358397316,-0.6967615044508592,-0.1451580134718093,0.44761342590720654,0.13371009668382036,0.12888612708672098,-0.25568478853543636,1.6364791686468727,-1.5098434304686221,-0.6904973682061568,-0.6291939595116782,0.2152512052804733,-0.268092946529185,-0.14610996417376315,0.2073398295108756
-0.39018341061948286,0.7828267255398879,0.1380653696081649,0.13324431877573523,-0.3723794844456213,0.24613777127139527,0.6524536587111596,0.9089009156962268,0.9376150044004793,0.7688580686104909,-0.44841619526870075,-0.2806145342697083,-0.2364804411578593,0.13459071622995628,0.12975739707019002,-0.15351407124556765,0.31655630383663874,0.1381632126975741,0.938309030557282,-0.37340300074887245,1.001614010653646,0.5645892511855162,0.28541354743004393,0.6069774716625608,-0.34456700167550686,0.16002452481520327,0.13371767334391793,0.12888612708672098,-0.2517254902150497,1.19226618963703,-0.4104870353413235,0.5497922441188648,0.555991338183449,0.17363261655270543,-0.17411749984482713,-0.19432327465828672,-0.4408950397645047
-0.7098517470306254,0.598638823761624,0.1380653694032,0.13324431877573523,-0.05771401919497096,-0.9814786438536662,1.2321992271758475,1.0305648177972966,1.1816640773162022,0.4326371768708548,-0.44841619526870075,-0.5024957939248265,0.7054833698376435,0.134590718321917,0.12975739707019002,-0.12545348081810756,-0.686001047951464,0.5103120898829606,1.25016149428111,-0.02074461115271507,1.2511002843695722,1.0058544106650344,0.45870034408399907,1.1475521690754422,-0.24486250757365807,0.2438677931700142,0.13371672378594027,0.12888612708672098,-0.260272598769655,-0.09559286475031413,-0.09207039273141795,1.671959036222456,1.7411766358785763,0.17401429076051544,-0.1394993435703144,-0.22450068161794043,-0.4408950397645047
-0.5500175788250541,-0.27918627445906696,0.079203644560508,0.07440916503060505,-0.3195848802005176,-0.9563115539929796,-0.3928241933903374,-0.3685700563650056,-0.40465489663599635,0.4326371768708548,-0.44841619526870075,-0.2806145342697083,0.8745338147691778,0.07573452759022606,0.07093404373170419,-0.35952690859825653,-0.013377395211262837,0.17525039981648086,-0.49621230257232585,0.6845721680395997,-0.4329320632129309,-0.3029361727934909,-0.40773363918577654,0.257193843924814,-0.34456700167550686,-0.035327060734908426,0.07488313195131988,0.07006561271157306,-0.26098280963370496,-0.8415134107865062,-0.7356253787795788,-0.3361289075418649,-0.3921568999726528,0.2744816768555107,-0.465873558771025,-0.26626187488930636,-0.11677760512681457
