0,1,2,3,4,5,6,7,8,9,10,11,12,13
-2.3732989066647767,0.06717001206546816,-1.0605621509624552,0.14550014155615432,0.11184641233013902,1.010546875647761,-2.0881151440315584,3.941848113619513,-0.5869016199350963,-1.3506041580314754,-2.0505641135032397,1.5414942966890355,1.027919577984409,2.179364117060025
-1.537223699577168,-4.8373915152435805,-2.5313689417872887,0.5261696696198486,-0.09114510665995108,-1.555877329851869,1.005411403957864,0.0971846674304142,-0.6566845064108043,-2.0975347266884077,0.04766632751783623,0.8429286451612336,0.19594233903281671,1.879809932540181
-1.9392123362246738,-0.7866289953203564,-2.3675268586963507,0.34258514729305767,0.21010929711077833,-1.788726465866162,-3.5865585955577917,-2.9993431033035787,-0.826415375451466,-1.2676726988210198,2.4882975802288394,-2.3004844166141627,0.7071387067067773,-1.3479955005940196
-1.4685710431035242,-2.07141200648968,-0.6734272658064848,3.610077665190607,-1.9758068410058183,-2.8822719328518205,2.951073662498398,-0.7434939162919142,-1.2739929138949655,-0.9344564323291233,2.156715471590468,-0.8953519656677825,0.9579752918513873,1.121758688713477
-2.0729724039541026,11.943304755278406,-0.3155948893344877,-4.996256977763368,-0.7761737833683304,-4.474439726945767,-0.8201502553929045,-1.0763582084171035,-1.0451039846587629,-1.5367402871673628,-1.80320860856325,-2.28625898851062,1.4136416576774598,-0.5975641705414818
-1.2136897772999438,-0.5129203132511324,-1.1323621861800774,0.3973235630032987,-0.7731042836256574,-0.5596712087207236,-0.8582510070046236,-0.40834201401112785,0.23868526620964722,3.6763913572258895,-0.9456461681647721,-0.14506118627091258,-2.181140250946635,-0.5594034202150248
-1.9282136595501245,2.112612432572122,0.42308516905248245,-0.54098862102279,-0.6300307941336932,2.4515920087780474,-2.9960440285148184,2.69611677217076,1.4523003889403403,-0.44778372745611933,1.395690078511146,-0.0798703509424633,1.5725119231174194,0.44745642739386376
-1.8661160795797433,2.405064600027484,2.021732940257676,0.9543226859594706,-1.078166671851321,2.069270302955996,-1.2804617434763297,2.1194430350498075,1.751593473838761,-0.9153328786499982,0.9879294521473473,0.0690159346405745,1.8288757243135696,-1.490940077496006
-0.4142813276435992,-11.601590436640373,18.073850812504634,-5.2019961516999444,-0.22108491075742373,-3.5790514179029898,-0.8669720291803137,0.39826297883362194,-0.15548683514473532,0.29427983258424445,-0.011046350472099621,0.04384325111908092,-0.1688200414660121,0.13126756027227784
56.85795008731729,1.1333376501720323,-0.008576247955496231,0.4149352376993169,0.6998507186474408,0.1332172679218804,-0.1297063217564972,0.06245918788422239,-0.06979598092706076,-0.13073857602700753,-0.05811063146000363,-0.01507605731787113,-0.011962662118282544,0.011180520539777566
-0.8751740933429011,-6.376667755822878,-3.2326199563746587,-2.868433924322737,0.00026314113147538206,1.801472888391443,-0.34389665407856934,0.7451078956212615,1.6838448742779375,2.96530742404459,-0.8515642785488259,-2.494009363525964,-1.0042018481722472,0.6064008914413284
-2.5893157108693114,14.192232097885142,-1.476310684578443,-9.388742681732785,4.600868640872993,-1.7915972784157153,3.229355136799108,1.269636915021394,-0.06599895061917593,0.3641052538748705,0.6814364400292334,0.5800897420328446,-0.8724397523009758,0.5347440369798068
-1.5021008364469735,-1.3235925841787821,-1.65381582045341,0.237414660772177,-0.5619675197839891,-0.9420281132931272,-1.4230015521540222,-1.7432710890782428,0.32662287570643056,0.8491374162789164,1.3654520774593526,0.5720611297813945,0.8630522023360514,1.2410691893813648
-1.766141242958252,-1.0367494015525065,-1.7960846258227265,1.1009686200040938,-0.5314479579456094,-1.6047338494106629,0.2875733101728924,-0.9591017666220004,0.9077391442184822,-0.2173283014086217,0.7828841348659994,0.8360167862648972,0.07357507383839015,1.1538573913239314
-1.2404246827565177,2.0996136284449225,0.2309209626987299,2.4837769467016777,-3.0906465212248215,-1.8958458867903525,1.108102799714134,-1.0224417865394784,1.02336509270112,-0.3201978036443658,1.9343374630687507,1.1171818808475904,0.13610016563993682,-0.13271326310515355
-3.086860220092599,-2.314848539148721,0.6523203099587926,1.824619107402435,5.357163188823111,1.3918142735540173,0.45544465793749417,-0.5991466861579579,-0.2832761515860477,-2.772577467670217,-3.292693459069361,1.6679581826510492,-0.19410713630651144,-0.8297237783843023
-2.027752495939551,-1.6276629472045092,-1.4459242087391413,1.1127748652242324,1.3355753914646142,-0.6849972433415166,-1.0818619015947903,-1.7676041386832995,0.6961609831421652,-0.42446794086529016,-0.25606553533158327,-1.1066573007831244,-0.16361139244789855,0.46272938807213876
-2.0260310723906536,-1.653074396386007,-1.639063121181179,0.43811025343835164,1.5021905883206357,-0.33335910528977253,-0.33490902354112556,-3.087634013315045,1.3851258381693805,-1.7016088190769287,-0.958791744859108,0.5358131139412634,-2.5250416411276495,0.03223412605679489
-1.4380230369120475,0.31390924752130317,-1.8408823117423285,0.4403863742484177,-1.8471854220109671,-0.9245317815237172,-1.6116545801727888,-1.1294154724837921,0.8544916914033848,1.600246165304053,-2.935172145753527,1.565154117234879,0.5581012719213871,-0.04141155572656192
-3.583268446216503,3.0474006651074723,4.883433997957138,5.170857727545653,7.498121739058286,3.6836286134956815,2.034045366435241,-0.6811159550686527,-1.7094603740216003,0.6125045791697288,-0.193329176537553,-1.7412194339022806,0.12382971460940596,-0.01908966085294894
-2.1197134076135113,2.7678654779788263,0.8242337826888188,2.445419503082821,-0.09914386052632453,-0.6478536834981531,-0.9317033485355662,-0.2100634836679292,-0.3064442553291535,2.1743107993578805,-0.021096770912406776,-0.42882770457613656,-1.4241979434638008,-1.161867782314964
-2.2525979939452427,3.5184403318001243,2.1005253917648554,5.383533239062958,-2.4360044380533883,-1.133315472147193,1.2570874299935368,1.3535159204642162,-2.8796349954233973,0.6687193563096631,-2.7215068902117348,-1.6983054755853644,1.6892917992615866,-0.49565720410706143
-1.4362084875138914,3.8475341445353934,0.34085723857891004,1.8386216000134352,-2.543338316286849,-2.27658816227319,-0.027241810006545002,-1.9712588259866652,1.49402070793778,1.3892285256674624,-0.8735019315024964,2.1984894342877337,-0.010427507797725305,1.4020599470312487
-2.245184392591883,-0.5362270264321866,-2.7744012273380925,-1.2003493852979144,-0.35291507957434454,1.7670043588129511,-4.169274616602335,0.9437559761612903,-0.6108827655183137,1.3036892385454357,-0.7727191063223351,-1.4168003797137705,-0.17325204947080236,0.6056160300899203
-2.5932301486013847,0.10450254511786415,1.378862657375556,1.6040380878116711,4.659384072461151,1.3718902754559346,-0.5761130617954964,-0.06525680921859436,1.1012236856693567,-2.498153158369376,1.3329071305434825,-0.9898265216821921,-1.8170431984413653,1.046744448422919
-0.5667687025341579,-6.016242631179762,-1.6129819909528016,-1.6960645638335257,-2.587880403809015,2.2313258820275963,5.797516665908529,0.37149815287141347,5.089211942397728,-0.3323081850584457,-1.071887560554753,-2.4040617353891633,1.218829724152703,0.19160551909479964
-1.7103930240180931,-3.0435906335246465,-0.8377489175177638,-1.9930394447625273,5.460520783202736,2.6120609326130384,0.881289809967253,-2.267243507651344,-1.5588238392653262,3.5570529531629504,1.561654773833432,2.1100359653306393,3.0059364195930316,0.02717637364541249
-1.733199828484051,-0.032101604855962335,-0.6357528496468812,-0.8716835483413534,0.12516997111406378,0.9440408858902029,0.5419626991581562,0.34311924343196054,2.2572448771926874,-0.06255409934892874,0.7564389627522518,1.9117854936612002,0.5217469724311317,-3.401838464533059
-0.42802268344395095,-14.149106700671464,-8.365054138915358,-3.537043819577904,-0.23254681749385353,-1.6791314945239382,1.8559110447198428,2.0551966592627617,-4.717420059894946,-0.5473956770817557,0.20421618737591685,0.23796129783244788,-0.5214853471725672,-1.2839523068604337
-1.6024097126761017,1.0053917026993515,0.5191182407768136,2.3690530500866727,-1.9220975959685955,-1.570491439355319,1.283007473365358,0.9078808113465531,0.2872264575909024,-0.9303288910132077,-0.5457458822839933,1.0618934592429758,-0.8132247628293237,-2.0822069221129804
-2.1505344541589193,5.868560459503841,2.091366635012953,3.9443892176799293,-1.7978469935227475,-0.5080840957279507,2.0916305759077067,3.759642781831517,-1.2439261370131358,1.9353375341000645,2.080952421809157,0.2745692816474684,-1.9178211772159863,0.5157346066803731
-0.9868745461976627,3.9238578540541327,3.3068622582984384,-3.9404109433803356,-8.151846813857267,8.39135000799209,0.8967121885159259,-3.084251978801829,-3.289245594169403,-1.4621798273532183,0.1101526552613017,0.47927903201518957,-1.000062449344321,0.30011786771475
-2.084141634015456,-0.43099011686134,-1.447112002940371,-0.5498673016610985,0.13931618692254238,0.9733811141932952,-2.5502085516553654,2.7506736442978443,0.7306370398672863,-1.4403467795648774,1.4759191970565242,0.3562398361003139,-1.0956294038453638,-0.44656295561039394
