no2_autocorr,no2_calc_centroid,no2_distance,no2_ecdf_percentile_count,no2_ecdf_slope,no2_max_power_spectrum,no2_mfcc,no2_negative_turning,no2_positive_turning,no2_spectral_kurtosis,no2_spectral_positive_turning,no2_zero_cross,so2_autocorr,so2_calc_centroid,so2_distance,so2_ecdf_percentile_count,so2_ecdf_slope,so2_max_power_spectrum,so2_mfcc,so2_negative_turning,so2_positive_turning,so2_spectral_distance,so2_spectral_positive_turning,so2_zero_cross,co_autocorr,co_calc_centroid,co_distance,co_ecdf_percentile_count,co_ecdf_slope,co_max_power_spectrum,co_mfcc,co_negative_turning,co_positive_turning,co_spectral_decrease,co_spectral_distance,co_spectral_kurtosis,co_spectral_positive_turning
-0.4993431846701284,-0.02812218751735383,0.13718865534226712,0.1314904476006762,-0.6917646131208725,-0.763481987356486,-0.6866642545633829,-0.13694150247427564,-0.16126714453401847,-0.14011376386267563,-0.4790869089320817,-0.6416034458047191,-0.1856222374794291,-0.1343809474583382,0.13459075332917464,0.12975739707019002,-0.4524753406818983,-0.09436202123605766,-0.7167780005976356,-1.6817693640047762,-1.1727889904220696,-1.1623660785750785,0.013843751961470389,-2.0676946681013253,-0.35950340482472193,0.1254944221004136,0.1337160665142416,0.12888612708672098,-0.010366436583838231,-0.23156064411477276,-0.3893652752101005,-0.08698166749071606,-0.08175798034553007,0.24617844504244504,-0.3576900392865178,-0.19543546280076152,0.4695510746921862
-0.0762237260088358,0.6964490534716532,0.10776017356368435,0.1314904476006762,-0.20201305100625463,0.9050375041053119,-0.27040247124633565,-0.8919703269270376,-0.9805783845804101,-0.13492300691954592,0.3850486297252536,-0.09624051687070788,-0.1856222374794291,-0.13804278245935464,0.10516267540965285,0.12975739707019002,-0.4125905021719512,-0.2523275981284664,-0.20371926792480438,0.00413211145947143,-0.11260160173919401,-0.6621471118881698,0.2705824247014634,-0.22267481041091197,-0.35950340482472193,0.44964577166358793,0.10430066539039266,0.12888612708672098,-0.31118477713801695,0.02582875198265387,0.2463368180155971,0.10381682894053114,0.1709485043588351,0.29903820265660175,-0.30362208757268233,-0.24856655442186318,0.637600933003074
-0.3935633200048052,0.4703398137550283,-0.03938223258038891,-0.015571237215868672,-0.3848684126737171,-0.3542032336996921,-2.050093811020107,-1.0807275330402282,-1.0436023261224403,0.08403620482986009,-0.21984624733488112,0.721803876530309,-0.1856222374794291,0.8749911911088031,0.04630617398936725,0.04152236706246127,-0.37090006864377184,-0.40336737980939164,-1.5872250314389302,-0.9512120579702689,-1.0549903916795278,-1.4131774423225827,0.6984802126014517,-0.4771603080233828,-0.35950340482472193,-0.03610300289720037,0.07487182364907564,0.07006561271157306,-0.314405929654302,-0.44662171495242503,-1.1045175551554092,-0.5957776579740419,-0.6503475709303518,0.30242961550061204,-0.16531675540350405,-0.22044440395319267,0.38552614553674236
-0.2877834553394821,-0.5598637155306083,0.13718865512896977,0.1314904476006762,-0.8235479810246248,-0.18690238199530307,-0.5210712124710684,0.11473477234331168,-0.09824320299198835,-0.1669397502800005,0.03939441426231948,-0.09624051687070788,-0.25613794780681,0.2123265793351565,0.13459111316779993,0.12975739707019002,-0.5169333007391271,-0.2185574746892815,0.2957036088456003,0.5099025540987457,0.5941899907160564,-0.565774569577544,-0.49963359351851555,0.7952671800389713,-0.35950340482472193,0.11553390559457791,0.1337312847746912,0.12888612708672098,-0.11305824040099934,-0.20522833391014356,-0.7682581314645164,-0.27778016392196325,-0.46081770740207784,0.35876161939887946,-0.34378086893628856,-0.26430646572053246,0.38552614553674236
-0.2877834553394821,-0.4412256090047728,0.13718865540033223,0.1314904476006762,-0.9437158622050129,0.4121160483038005,-1.0194919047981121,0.6180873219784864,0.531996212428313,-0.11060645011416832,0.6442892913224542,-0.3689219813377135,-0.25613794780681,-0.09546538671787826,0.13459102026767164,0.12975739707019002,-0.3950419233595916,-0.5236505417307005,0.6836942157756505,0.9594762808892117,0.9475857869436816,0.19897034147129414,0.356161982281461,0.636213744031177,-0.35950340482472193,-0.054245364662544274,0.1337396117584159,0.12888612708672098,-0.1323448511711493,-0.3302397512473638,0.18782951014019647,0.10381682894053114,0.10777188318274382,0.37325995956602365,-0.29779402242092434,-0.3074622908900188,0.1334513580704107
0.9815749206443957,0.9492717692693284,0.13718865455525261,0.1314904476006762,0.06264513588103472,1.9448375520868433,0.998012126987905,0.5551682532740895,0.595020153970343,-0.30576201553268434,0.4714621835909871,-0.6416034458047191,-0.25613794780681,0.1727130267185924,0.13459075078799845,0.12975739707019002,-0.2568586999813789,-0.16498539675416293,0.459583009668866,0.3413124065523209,0.29969349385970206,0.5365065409234895,0.4417415398614587,0.0,-0.1790884119975552,0.29353472526533686,0.13371598512707467,0.12888612708672098,0.26527139146701273,0.9329969409346066,0.6251938674169004,0.4218143229926098,0.4236549890632003,0.0829040638788348,-0.043934073747673594,-0.24468715830786483,0.1334513580704107
-0.3935633200048052,0.22299634966503828,0.07833169594205976,0.07266577367405826,-1.1126546300372553,0.24717869886289814,-0.5534313027317111,-0.19986057117867248,-0.2242910860760486,-0.15990066258115576,0.21222152199378655,-0.09624051687070788,-0.25613794780681,0.16443219398441267,0.07573447981287788,0.07093404373170419,-0.4636200720111432,-0.5260398157024059,-0.06381642135995869,-0.6140317628774193,-0.7015945954519026,-0.8663350047174774,-0.2428949207785226,-0.5089709952249416,0.8131940485518618,-0.7388020949084477,0.07486367616143129,0.07006561271157306,-0.4557383128286378,-0.1187589248658099,1.0939154246318135,-0.02338216868030033,-0.08175798034553007,0.23963432863816153,-0.4575703674119263,-0.19766245763749843,0.04942642891496681
-0.4993431846701284,0.9588929428884717,0.13718865466443225,0.1314904476006762,-0.0668760407077625,0.10518697838056955,0.11503975826181917,-0.07402243376987881,-0.035219261449958225,-0.2214141860370095,0.21222152199378655,-0.6416034458047191,-0.25613794780681,0.8540832143774005,0.1345907531644657,0.12975739707019002,-0.10617570965945014,-0.3355998040088137,0.5679206123671767,0.28511569070351267,0.24079419448843117,0.5088831993658255,0.5273210974414564,0.09543206160467656,-0.35950340482472193,0.09442729922054441,0.1337215489338729,0.12888612708672098,-0.2542631591506832,-0.8515669486399348,1.1720521790052483,0.4218143229926098,0.4868316102392916,0.17885865416599928,0.13693087469451015,-0.2932210033102848,0.04942642891496681
-0.4993431846701284,-0.22756410039361546,0.13718865653934392,0.1314904476006762,-0.8336382908637155,-0.7288978796888121,0.11550710132139647,0.366411047160899,0.34292438780222256,-0.25253592754062465,0.4714621835909871,-0.6416034458047191,-0.1856222374794291,-0.2390299429682677,0.1345911696238502,0.12975739707019002,-0.5672502683946322,-0.378761910676624,-0.13004221673439514,0.5099025540987457,0.4174920926022438,-1.7656996057346237,0.2705824247014634,0.38172824641870623,-0.35950340482472193,0.008460152395738366,0.13372337723477937,0.12888612708672098,-0.018133099156429605,-0.5281169514286757,0.3075859695585638,-0.1505811663011318,-0.14493460152162135,0.26328238259281134,-0.08748384349654481,-0.2711185765764415,-0.20264835855136484
4.578090319265383,0.18634811992403855,0.13718865429607663,0.1314904476006762,3.7259799314796243,3.2959628232648823,-0.7913654980556541,-3.660409349920498,-3.6275839293456755,5.624931418863871,-4.799764602218758,-0.6416034458047191,5.596666009365803,1.9557080560837263,0.13459065251101457,0.12975739707019002,0.7528075599756338,4.326234618774998,-1.4044338020070037,-3.7048511345618733,-3.9410560608718,0.9733519244531101,-4.778611472518398,-2.831151160938738,3.4292114445457793,0.19913281364403504,0.13367690276505434,0.12888612708672098,5.590288842732239,4.3692944100443185,-1.469625642399885,-4.157349591357323,-4.125061735615373,-5.558762518908397,0.7062157544214489,4.824463465212342,-4.655969603789891
-0.4464532523374668,2.5702247608786952,3.3154646289756067,3.3080228396380456,-1.1783804605492196,0.6924055062747504,1.1464582298443253,1.8450091617142246,1.8239870140399306,-0.3382942956434634,1.63804516077839,0.04010021536279492,-0.00933296166097691,2.163132272775828,3.3128383370185053,3.3062184773484247,5.366294734837648,0.7498482531472668,-0.21542061052347772,0.20082061693030032,0.1818948951171603,-3.2368279964566304,1.85380423993142,0.4612549644226034,-0.26929590841113854,3.5276008363555826,3.311809934196093,3.3051939033447084,-0.4685333293916478,1.1016558376066785,0.4863293480110032,0.2310158265613626,0.20253681494688075,0.3763451202116525,-3.9476596811276172,-0.30904768710009956,2.1920621223787857
-0.18200359067415894,0.3370138294240831,0.13718865443942854,0.1314904476006762,0.8285131826447638,0.1653712312127955,1.43587520530977,-0.13694150247427564,-0.16126714453401847,-0.34247291026664556,0.2986350758595201,-0.6416034458047191,-0.1856222374794291,-0.10768882719484017,0.13459072687724366,0.12975739707019002,0.0321247150014315,-0.05136960806392236,-0.03497018175914208,0.3975091224011292,0.35859279323097293,0.6393733564224553,0.6984802126014517,0.6680244312327359,-0.26929590841113854,-0.04641567117335122,0.13370850845220378,0.12888612708672098,-0.20247620245839834,-0.15823720279821488,0.5246395675867631,-0.2141806651115475,-0.20811122269771265,0.06291425996797173,0.4381991364356617,-0.24086717116418133,0.8896757204694057
-0.0762237260088358,0.4000770244930851,0.13718865470121916,0.1314904476006762,-0.25732896837051916,0.37060108104158884,0.09248904967904999,0.05181570363891485,0.027804680092071904,-0.21470520364950016,0.7307028451881877,-0.09624051687070788,-0.25613794780681,0.6650653287875626,0.13459080706674525,0.12975739707019002,-0.3406096465338323,-0.25784679934754545,-0.17840893161536348,-0.10826132023814507,-0.11260160173919401,0.13956003690496452,0.013843751961470389,0.2862961848140297,-0.26929590841113854,0.11464202705460717,0.1337296044330826,0.12888612708672098,-0.430704058935187,-0.6239633267750079,-0.7490591707164738,0.2310158265613626,0.2341251255349264,0.30911151171412654,-0.3497671278453164,-0.2650986504238763,-0.2866732877068087
0.029556138656487336,0.5772605723568601,0.13718865501125377,0.1314904476006762,-0.4898801272909156,1.4996183172243827,0.8116475425803353,-0.13694150247427564,-0.035219261449958225,-0.2895124173780335,0.03939441426231948,-0.6416034458047191,-0.25613794780681,1.1532108312195775,0.1345907171924737,0.12975739707019002,-0.07676753201040716,-0.4533635103260653,0.9643420036521833,0.28511569070351267,0.1818948951171603,0.9262595038597622,0.09942330954146805,0.1272427488062354,-0.35950340482472193,0.2070595706473618,0.13371510808188142,0.12888612708672098,-0.07388772703251704,-0.716230077815159,0.34579266246120033,0.5490133206134412,0.5500082314153829,0.07526098972577203,0.1541663893468121,-0.26798713836937205,0.30150121638129845
-0.4993431846701284,-0.33574879473371266,0.13718865460344812,0.1314904476006762,0.23268569029123765,-1.0622333067069498,0.8082919351830711,0.8068445280916768,0.7210680370544034,-0.31110229985314225,0.9035299529196548,-0.6416034458047191,-0.32665365813419084,-0.10112694292220871,0.1345908177535043,0.12975739707019002,-0.17470876643257155,-0.4892187036440228,1.1583775071907532,1.01567299673802,1.0064850863149524,0.9546488132450199,0.5273210974414564,0.6044030568296181,-0.44971090123830526,0.3026425845057772,0.13373584598027882,0.12888612708672098,-0.2903945591763259,0.025450105753613735,1.018326614638111,0.8034113158551042,0.8027147161197481,0.19422959111227273,0.026265886410151804,-0.32674423859378127,0.30150121638129845
-0.18200359067415894,-0.6336773225444752,0.10776017337837153,0.1314904476006762,0.11373567565028003,0.07881554576373394,-0.3888924888691855,0.11473477234331168,0.09082862163410203,-0.23102040771270776,-0.13343269346914757,3.175937056733359,-0.04459081682466735,-1.9588189351721714,0.10516257065842452,0.12975739707019002,-0.28598220840990063,-0.4375455913502387,-1.137826104872811,0.06032882730827968,0.005196997003347725,-0.4380942863769507,0.18500286712146571,0.5407816824265005,-0.35950340482472193,-0.002108895350389053,0.10427604744290733,0.12888612708672098,-0.008570558060784758,0.3757614260491852,-1.291055931930048,-0.1505811663011318,-0.14493460152162135,0.1522363120114743,0.07415718797725443,-0.10426278031429147,-0.11862342939592095
0.2411158679871336,-0.6412138710936478,0.12247441409721055,0.1314904476006762,-0.4710820071883746,0.2057572499796939,-0.35571522353640017,0.46078965021749424,0.43746030011526776,-0.1606784846901217,-0.04701913960341405,0.04010021536279492,-0.25613794780681,0.49964747068851106,0.11987673266263794,0.12975739707019002,-0.2194706962751616,-0.3579650492347469,0.344806484196539,0.566099269947554,0.5352906913447855,0.31388013155730526,-0.2428949207785226,0.5884977132288388,-0.40460715303151357,0.040409623591830875,0.11899362337074751,0.12888612708672098,0.22553261368615762,-0.7043212944494,-0.1924641539688163,-0.2459804145167554,-0.176522912109667,0.0523880640807174,0.3318287767202315,-0.20720163023498034,-0.3286857522845307
-0.4993431846701284,-2.558525839837399,-3.1588012408267923,-3.1626912922899293,-0.6197040892380443,-0.29895267427254113,0.6241056645650699,0.30349197845650216,0.27990044626019245,-0.2808150660129506,-1.2568088937236834,0.17644094759629772,-0.32665365813419084,-1.6732999044789396,-3.1613692643654416,-3.164350389885016,-0.2737111191802738,-0.7127169391203455,1.7901528373892668,0.28511569070351267,0.24079419448843117,1.2496402463058665,-1.355429169318492,0.2544854976124708,-0.44971090123830526,-2.8309306857532994,-3.162049449951987,-3.1650626779215623,0.12299310488420705,-0.9040505993298923,1.662911748259505,0.2310158265613626,0.2341251255349264,0.1421668305897313,2.5506522696109526,-0.33815700234508694,-1.2949724375721352
-0.18200359067415894,0.6823833960408991,0.10776017630086047,0.1314904476006762,-1.0398445454161531,0.6817909367317623,-0.023061690497197463,-0.011103365065481978,-0.035219261449958225,-0.2189645748495168,-0.13343269346914757,-0.6416034458047191,-0.32665365813419084,1.0971834885071032,0.10516269926370304,0.12975739707019002,-0.4844761809972598,-0.0754964073996357,1.146604710786529,-1.1759989213655018,0.29969349385970206,0.284195747025858,0.356161982281461,0.4771603080233828,-0.44971090123830526,0.0014480588986491465,0.10428453779607107,0.12888612708672098,0.23856724337103397,-0.8526715049063694,0.1884812267901711,0.3582148241821941,0.2973017467110177,0.10027394877151126,0.24170416401439246,-0.2783108623883652,0.5535760038476301
-0.4993431846701284,0.09333309819593141,0.13718865540287156,0.1314904476006762,-0.861829914447776,-0.08362826136788674,-0.34175746247198563,0.1776538410477085,0.15385256317613216,-0.16742276744704235,0.8171163990539213,-0.6416034458047191,-0.11510652715204822,-1.3320331464948363,0.13459079483361777,0.12975739707019002,-0.2615368183441286,-0.4253844800492702,0.5405092896273198,0.9032795650404034,0.8297871882011398,-0.036082423902532586,-0.2428949207785226,0.6044030568296181,-0.44971090123830526,0.10783104467307454,0.13372022703942732,0.12888612708672098,-0.0023786170059012226,-0.45609559797418564,0.30476521043537796,0.6762123182342727,0.6763614737675655,0.1739714073918716,0.08415812449855863,-0.27127885017807796,0.21747628722585458
-0.6051230493354515,-2.1297231289905825,-3.5413714970988193,-3.5450516728129458,2.546717823189805,-1.2824466667016226,1.0337073496693912,-0.45153684599625976,-0.4763868522441691,-0.32347120465883455,-1.2568088937236834,1.812529734398331,-0.32665365813419084,-1.8620705801242892,-3.543936336501997,-3.546702186585174,1.2945093794342208,-0.7692044203075927,1.608546675895553,-0.05206460438933682,-0.11260160173919401,1.5235075353035883,-1.2698496117384945,0.19086412320935311,-0.35950340482472193,-2.9682185209944847,-3.544624661196359,-3.547396021360024,0.05692939689641854,-0.5372108921980119,0.016953152968677276,-1.6133696389406935,-1.597996888571721,-0.008534743425567624,2.656267785656603,-0.07560960974046346,-1.6310721541939108
-0.4993431846701284,0.8347710988282557,0.1371886546410463,0.1314904476006762,0.27820292129103713,-0.6909950873560641,0.8707694953808541,0.8697635967960736,0.9101398616804937,-0.3234404641488191,0.21222152199378655,-0.6416034458047191,-0.25613794780681,-0.06468336375494915,0.1345907601476831,0.12975739707019002,-0.06376887505668738,-0.6882274158264355,0.6164821251536139,0.9032795650404034,0.8886864875724108,0.8425519092930799,0.09942330954146805,1.2088061136592363,-0.1790884119975552,0.23811150369691184,0.1337127852148686,0.12888612708672098,-0.18944608195648024,-0.2520688576457081,0.9038875444979598,0.2946153253717783,0.4236549890632003,0.10696311835448567,0.08090419680753125,-0.22438118506357618,0.04942642891496681
-0.6051230493354515,-0.7095601372451842,0.10776017331446329,0.1314904476006762,0.8916424331827926,-1.3845436886832367,0.6719337604329964,0.7439254593872799,0.7840919785964334,-0.28801743036167443,0.21222152199378655,-0.3689219813377135,-0.25613794780681,-1.0551156543662386,0.1051625128589248,0.12975739707019002,-0.07213935225140185,-0.38241493306642893,0.30975510711511883,0.06032882730827968,0.005196997003347725,0.5553475003462706,-0.07173580561852727,-0.2544854976124708,2.346721487582779,-0.9777211526441162,0.10429303915196861,0.12888612708672098,-0.5167318885564927,0.07289464865055144,1.4739207407234107,1.5030058027696773,1.4976575490567523,0.2200199204647229,-0.12601145635898248,-0.2607566953012836,0.04942642891496681
-0.3935633200048052,0.6758177685004833,0.13718865477408365,0.1314904476006762,-0.299036306082556,0.7837642768221332,0.7718535972680246,0.9956017342048673,1.036187744764554,-0.3275849931162184,0.03939441426231948,-0.6416034458047191,-0.25613794780681,0.223999258243623,0.13459076727347827,0.12975739707019002,-0.19378076610979528,-0.2993971555373661,1.126420964544064,0.9594762808892117,0.8886864875724108,0.3870600595352273,0.18500286712146571,0.5407816824265005,-0.44971090123830526,0.20762531343160048,0.1337216827503618,0.12888612708672098,-0.19219242348504523,0.14744614041132797,1.3983056756795857,1.3758068051488457,1.3713043067045698,0.15010511543524646,0.2329536735950787,-0.29448874517769313,0.38552614553674236
1.5104742439710113,0.6448335738800688,0.10776017309802438,0.1314904476006762,0.10242804119764701,1.0840348584123007,-0.8638677770855453,-0.8290512582226408,-0.5394107937861993,0.7295563456587182,-0.4790869089320817,-0.6416034458047191,1.0131448380860457,1.312104105591007,0.10516243976537229,0.12975739707019002,-0.3439427629145284,2.8744965220099328,-1.4120797606245006,-0.6140317628774193,-0.7604938948231735,0.10180719638171863,0.09942330954146805,-2.831151160938738,3.5194189409593624,1.2994803513142692,0.10425084400836504,0.12888612708672098,-0.5866107467952647,0.7052302210885778,-1.566925306547251,-1.3589716436990307,-1.2821137826912647,-1.0975951997199287,-0.21286998230195192,2.954046541285015,-0.034598500240477066
-0.4993431846701284,-0.2032968464972376,-0.15709615734957158,-0.16263292203241356,-0.33367259941649635,-1.2740312792974582,-1.0277866451722435,-0.2627796398830693,-0.28731502761807876,-0.09285479958028343,0.03939441426231948,0.721803876530309,-0.25613794780681,-1.0116572326974076,-0.1596912922981578,-0.16435936962223913,-0.3205755069052758,-0.34937185117176106,-0.2704934353486579,0.3975091224011292,0.35859279323097293,-0.2234576790554001,0.6984802126014517,0.636213744031177,-0.35950340482472193,-0.1972542048896127,-0.16054540118202124,-0.16521644478901862,-0.14189395236638355,-0.9017658610147251,-0.22081394528048875,0.10381682894053114,0.10777188318274382,0.24265311162436684,0.22651872526434622,-0.2651745498059335,0.38552614553674236
0.4526755973177799,-1.8768971531675487,0.019474729944754895,0.013841099747440305,-0.14249441024943613,-0.8263292554294497,0.6749042923335685,0.24057290975210535,0.27990044626019245,-0.22497450949393086,-0.4790869089320817,0.721803876530309,-0.11510652715204822,-0.22916050322582845,0.016877852153528397,0.012110690393218358,0.014041157108146804,0.30745836043505204,0.07269091439046176,0.9032795650404034,0.8297871882011398,0.6246937145896766,0.2705824247014634,0.6680244312327359,-0.08888091558397185,-0.5678244225007203,0.016014501330480206,0.01124509833642514,-0.4934183923016655,1.581763663466007,-0.9952233649677863,-0.5957776579740419,-0.6503475709303518,0.32525065105746337,-0.5531878801103495,-0.1702821791968186,-0.11862342939592095
-0.2877834553394821,-1.0201256352943784,0.13718865459447346,0.1314904476006762,-0.4431291680358584,-0.4356972499322608,-0.6417335042585343,-0.07402243376987881,-0.035219261449958225,-0.1418614342274349,-0.21984624733488112,-0.09624051687070788,-0.1856222374794291,-0.7258315097721396,0.13459068894820733,0.12975739707019002,-0.2915447451158716,-0.2820709604864653,-2.549495818455352,-1.0636054896678853,-1.2316882897933406,-0.5558217940176463,0.612900655021454,-2.131316042504443,-0.44971090123830526,-0.1764749344615218,0.1337112165257991,0.12888612708672098,0.0906776187201581,-0.5067866807905562,0.07903550718991478,-0.08698166749071606,-0.14493460152162135,0.11110933552895819,0.20336863141972994,-0.22313864914799375,0.21747628722585458
-0.18200359067415894,-0.9785122216820558,0.13718865438607744,0.1314904476006762,1.3303054187120684,-1.4089873271475957,-2.736852559395828,-0.9548893956314344,-0.9805783845804101,0.25505484869594464,0.3850486297252536,2.9032555922663534,-0.25613794780681,0.577127108910108,0.13459071814288695,0.12975739707019002,0.0026259402818196538,-0.11288383554831885,-0.5937896330818702,-0.5016383311798028,-0.5248966973380901,0.3394001233629254,0.356161982281461,0.0,-0.35950340482472193,0.4082056517975453,0.13372228460498323,0.12888612708672098,-0.36393086034828126,-0.5999757950424108,-0.9886518950328045,-0.08698166749071606,-0.14493460152162135,0.43025594872108364,-0.17527932034993482,-0.19609319516002885,-0.034598500240477066
-0.3935633200048052,-0.7378536837840995,0.1371886545334207,0.1314904476006762,0.46344173046041565,-0.7686353294738258,-0.7316767153246044,0.1776538410477085,0.15385256317613216,-0.14403950771744597,0.2986350758595201,1.812529734398331,-0.04459081682466735,-1.704966774445085,0.13459070619251792,0.12975739707019002,-0.06781497073524549,0.17042587318464114,-1.5004747261571585,0.06032882730827968,-0.053702302367923144,-0.4642508222053837,-0.2428949207785226,0.38172824641870623,-0.44971090123830526,-0.11921936924925884,0.1337227447254568,0.12888612708672098,0.17199801570580764,-0.7162501493776537,0.45341736563233653,0.16741632775094686,0.1709485043588351,0.23093585174334144,0.29845067234649447,-0.2962164773711673,0.38552614553674236
2.2509332966282734,1.34449153842424,0.13718865446535217,0.1314904476006762,-0.02300845864197642,0.05331820232401245,-0.07924003873525798,-2.2761898384237678,-2.304081156963043,0.02438243441880904,0.125807968128053,-0.6416034458047191,-0.04459081682466735,-0.586102571131683,0.13459073412226938,0.12975739707019002,-0.27251753373325555,0.09650727940264854,-0.9300171384324551,-1.6255726481559678,-1.820681283506049,0.02207812045818239,-0.07173580561852727,-0.7316458056358536,-0.1790884119975552,0.47025199274224444,0.13370692866697986,0.12888612708672098,-0.23846564611260615,1.2616958836755887,-0.7267977193626095,-0.5957776579740419,-0.5239943285781692,0.15548628250142968,0.12891475428125349,-0.1972280720159536,0.30150121638129845
-0.3935633200048052,0.8436686538838438,0.13718865472489952,0.1314904476006762,0.0011302862467448141,0.22808864236865942,1.552101019293345,1.1843589403180579,1.2252595693906443,-0.35061154777398784,0.5578757374567207,-0.6416034458047191,-0.25613794780681,0.26374654663238933,0.13459069969149698,0.12975739707019002,0.19163597238921504,-0.062039017755517636,0.9354753616710241,1.0718697125868282,1.1242836850574942,0.9551787561139402,0.356161982281461,0.5725923696280594,-0.35950340482472193,0.18922045727045894,0.13371450532121384,0.12888612708672098,-0.16361950753014548,0.8706789236153889,0.3312558199128252,0.7398118170446885,0.7395380949436567,0.05666283388642283,0.20924690217251088,-0.2485740068381655,-0.034598500240477066
-0.6051230493354515,0.6562461872719246,0.13718865453386733,0.1314904476006762,1.056912597410892,-1.1967419813315878,2.020865998289734,1.5618733525444388,1.6664271601848553,-0.34393237894792306,0.125807968128053,-0.6416034458047191,-0.25613794780681,0.7150929585334204,0.13459070490315517,0.12975739707019002,0.14151876230614524,-0.7086889993479535,1.1466979573231888,1.5214434393772942,1.4776794812851193,1.0978130787183635,0.4417415398614587,1.1133740520545599,-0.26929590841113854,0.2760738658198402,0.13371585436453326,0.12888612708672098,-0.34787867492381835,-0.22833603359288152,0.6719158986111271,2.011801793253003,2.066247139641574,0.09016154410945125,0.19215590054527984,-0.2909180864743143,0.1334513580704107
-0.0762237260088358,-0.06250930383525545,0.07833169250237976,0.07266577367405826,-0.41587093107180495,-0.007177862719338851,-0.6604575661674964,-0.011103365065481978,-0.035219261449958225,-0.10998879206966268,0.6442892913224542,-0.6416034458047191,0.025924893502713528,0.11491137388721213,0.07573456357530718,0.07093404373170419,-0.5103648546857221,1.2878867133649934,-0.838772304659389,-0.10826132023814507,-0.11260160173919401,-1.784673020807903,-0.4140540359385179,0.22267481041091197,-0.1790884119975552,0.03848634780095046,0.07489874656366369,0.07006561271157306,-0.44163019494202793,-0.6006398104091835,-3.030093760130102,-0.08698166749071606,-0.14493460152162135,0.5620434416094545,-1.5510922998486023,-0.18378817047339735,0.1334513580704107
