date,feature_index,NO2
2025-09-30T00:00:00.000Z,0,
2025-10-01T00:00:00.000Z,0,
2025-10-02T00:00:00.000Z,0,2.121500529028708E-5
2025-10-06T00:00:00.000Z,0,2.1846955405635526E-5
2025-10-04T00:00:00.000Z,0,2.1955814872853807E-5
2025-10-03T00:00:00.000Z,0,3.865614962705877E-5
2025-10-05T00:00:00.000Z,0,1.8010943070597325E-5
2025-09-29T00:00:00.000Z,0,1.794323543435894E-5
2026-01-03T00:00:00.000Z,0,
2026-01-04T00:00:00.000Z,0,2.0138517053662024E-5
2026-01-06T00:00:00.000Z,0,
2026-01-10T00:00:00.000Z,0,
2026-01-07T00:00:00.000Z,0,
2026-01-08T00:00:00.000Z,0,
2026-01-05T00:00:00.000Z,0,
2026-01-09T00:00:00.000Z,0,
2026-04-06T00:00:00.000Z,0,1.894531609044255E-5
2026-04-02T00:00:00.000Z,0,2.026296624535462E-5
2026-04-05T00:00:00.000Z,0,2.4916301754274173E-5
2026-04-04T00:00:00.000Z,0,
2026-04-08T00:00:00.000Z,0,
2026-04-01T00:00:00.000Z,0,2.251875957881566E-5
2026-04-03T00:00:00.000Z,0,1.7677212326816516E-5
2026-04-07T00:00:00.000Z,0,
2026-03-03T00:00:00.000Z,0,
2026-03-05T00:00:00.000Z,0,3.209102699959961E-5
2026-03-06T00:00:00.000Z,0,
2026-03-02T00:00:00.000Z,0,
2026-03-01T00:00:00.000Z,0,
2026-03-04T00:00:00.000Z,0,3.607913155671364E-5
2026-02-28T00:00:00.000Z,0,
2026-03-07T00:00:00.000Z,0,
2026-05-21T00:00:00.000Z,0,2.1899662897340022E-5
2026-05-19T00:00:00.000Z,0,4.254959640093148E-5
2026-05-23T00:00:00.000Z,0,4.413921669765841E-5
2026-05-25T00:00:00.000Z,0,6.666802801191807E-5
2026-05-26T00:00:00.000Z,0,3.7215487282082904E-5
2026-05-20T00:00:00.000Z,0,1.908474587253295E-5
2026-05-22T00:00:00.000Z,0,5.0781860409188084E-5
2026-05-24T00:00:00.000Z,0,4.416704541654326E-5
2026-08-10T00:00:00.000Z,0,3.7001349937781924E-5
2026-08-07T00:00:00.000Z,0,2.1662985545845004E-5
2026-08-09T00:00:00.000Z,0,2.2656509372609435E-5
2026-08-08T00:00:00.000Z,0,3.536629446898587E-5
2026-08-13T00:00:00.000Z,0,3.33592870447319E-5
2026-08-12T00:00:00.000Z,0,3.079478847212158E-5
2026-08-11T00:00:00.000Z,0,3.365391376064508E-5
2026-08-14T00:00:00.000Z,0,5.730134307668777E-5
2026-05-15T00:00:00.000Z,0,3.84943186872988E-5
2026-05-17T00:00:00.000Z,0,5.401234011515044E-5
2026-05-11T00:00:00.000Z,0,1.7102956036296746E-5
2026-05-16T00:00:00.000Z,0,4.3842113276089854E-5
2026-05-18T00:00:00.000Z,0,4.409005123306997E-5
2026-05-12T00:00:00.000Z,0,3.501555238472065E-5
2026-05-14T00:00:00.000Z,0,4.180537780484883E-5
2026-05-13T00:00:00.000Z,0,2.8476628813223215E-5
2025-10-11T00:00:00.000Z,0,
2025-10-12T00:00:00.000Z,0,1.687605751449217E-5
2025-10-14T00:00:00.000Z,0,2.420280566184374E-5
2025-10-09T00:00:00.000Z,0,2.7929981115448754E-5
2025-10-13T00:00:00.000Z,0,2.54297419814975E-5
2025-10-10T00:00:00.000Z,0,2.0610903447959572E-5
2025-10-07T00:00:00.000Z,0,4.1474269892205484E-5
2025-10-08T00:00:00.000Z,0,4.703235845227027E-5
2025-12-15T00:00:00.000Z,0,4.557944703265093E-5
2025-12-10T00:00:00.000Z,0,5.213915210333653E-5
2025-12-16T00:00:00.000Z,0,
2025-12-17T00:00:00.000Z,0,4.7954634889417015E-5
2025-12-12T00:00:00.000Z,0,3.723640566022368E-5
2025-12-13T00:00:00.000Z,0,3.977557389589492E-5
2025-12-11T00:00:00.000Z,0,
2025-12-14T00:00:00.000Z,0,
2025-09-20T00:00:00.000Z,0,2.191372368542943E-5
2025-09-16T00:00:00.000Z,0,3.543417187756859E-5
2025-09-18T00:00:00.000Z,0,1.7870957890409045E-5
2025-09-15T00:00:00.000Z,0,2.8095229936297983E-5
2025-09-14T00:00:00.000Z,0,3.384883848411846E-5
2025-09-19T00:00:00.000Z,0,1.4120904417325164E-5
2025-09-13T00:00:00.000Z,0,3.337251496304816E-5
2025-09-17T00:00:00.000Z,0,2.9660081054316834E-5
2025-12-04T00:00:00.000Z,0,
2025-12-05T00:00:00.000Z,0,4.4745855120709166E-5
2025-12-02T00:00:00.000Z,0,6.643715460086241E-5
2025-12-06T00:00:00.000Z,0,
2025-12-09T00:00:00.000Z,0,
2025-12-08T00:00:00.000Z,0,
2025-12-03T00:00:00.000Z,0,4.4986119064560626E-5
2025-12-07T00:00:00.000Z,0,2.1308794885044335E-5
2025-09-08T00:00:00.000Z,0,2.131550536432769E-5
2025-09-10T00:00:00.000Z,0,4.824809184356127E-5
2025-09-12T00:00:00.000Z,0,2.7438352390163345E-5
2025-09-11T00:00:00.000Z,0,1.2638631233130582E-5
2025-09-06T00:00:00.000Z,0,2.0953222701791674E-5
2025-09-07T00:00:00.000Z,0,3.807542088907212E-5
2025-09-09T00:00:00.000Z,0,3.2502605790796224E-5
2025-09-05T00:00:00.000Z,0,2.7744752060243627E-5
2026-07-09T00:00:00.000Z,0,4.515881300903857E-5
2026-07-10T00:00:00.000Z,0,2.318091037523118E-5
2026-07-07T00:00:00.000Z,0,4.4563024857779965E-5
2026-07-08T00:00:00.000Z,0,3.383242938070907E-5
2026-07-11T00:00:00.000Z,0,
2026-07-13T00:00:00.000Z,0,2.1216116238065297E-5
2026-07-06T00:00:00.000Z,0,2.7670374038279988E-5
2026-07-12T00:00:00.000Z,0,4.3375673158152495E-5
2025-10-18T00:00:00.000Z,0,3.183997068845201E-5
2025-10-19T00:00:00.000Z,0,3.7180143408477306E-5
2025-10-22T00:00:00.000Z,0,
2025-10-16T00:00:00.000Z,0,2.9085589630994946E-5
2025-10-20T00:00:00.000Z,0,3.26288391079288E-5
2025-10-15T00:00:00.000Z,0,2.43519489231403E-5
2025-10-21T00:00:00.000Z,0,3.203674123142264E-5
2025-10-17T00:00:00.000Z,0,2.0453841443668352E-5
2026-01-23T00:00:00.000Z,0,
2026-01-25T00:00:00.000Z,0,1.6816880815895274E-5
2026-01-19T00:00:00.000Z,0,
2026-01-21T00:00:00.000Z,0,3.664578252937645E-5
2026-01-22T00:00:00.000Z,0,
2026-01-26T00:00:00.000Z,0,3.098631350439973E-5
2026-01-20T00:00:00.000Z,0,2.8724402606409665E-5
2026-01-24T00:00:00.000Z,0,
2026-05-02T00:00:00.000Z,0,4.468190945772221E-5
2026-04-26T00:00:00.000Z,0,2.3937452624522848E-5
2026-04-25T00:00:00.000Z,0,1.4331179613691347E-5
2026-05-01T00:00:00.000Z,0,
2026-04-27T00:00:00.000Z,0,
2026-04-29T00:00:00.000Z,0,-1.2541297564894194E-6
2026-04-30T00:00:00.000Z,0,
2026-04-28T00:00:00.000Z,0,2.376843895035563E-5
2026-02-03T00:00:00.000Z,0,
2026-02-01T00:00:00.000Z,0,
2026-01-31T00:00:00.000Z,0,3.3779136174416635E-5
2026-01-28T00:00:00.000Z,0,
2026-01-29T00:00:00.000Z,0,3.522501174302306E-5
2026-02-02T00:00:00.000Z,0,
2026-01-27T00:00:00.000Z,0,
2026-01-30T00:00:00.000Z,0,2.4784296329016797E-5
2026-04-21T00:00:00.000Z,0,5.2355740081111435E-5
2026-04-20T00:00:00.000Z,0,2.9872637696826132E-5
2026-04-19T00:00:00.000Z,0,3.4045511711155996E-5
2026-04-22T00:00:00.000Z,0,
2026-04-18T00:00:00.000Z,0,3.7115521990926936E-5
2026-04-17T00:00:00.000Z,0,2.2887954401085153E-5
2026-04-24T00:00:00.000Z,0,1.149929168775543E-5
2026-04-23T00:00:00.000Z,0,4.3340620929181267E-7
2026-02-04T00:00:00.000Z,0,
2026-02-05T00:00:00.000Z,0,3.557032050593989E-5
2026-02-11T00:00:00.000Z,0,
2026-02-06T00:00:00.000Z,0,2.8916157589264913E-5
2026-02-09T00:00:00.000Z,0,
2026-02-07T00:00:00.000Z,0,
2026-02-08T00:00:00.000Z,0,
2026-02-10T00:00:00.000Z,0,
2026-03-08T00:00:00.000Z,0,2.1875958736927714E-5
2026-03-09T00:00:00.000Z,0,
2026-03-12T00:00:00.000Z,0,
2026-03-10T00:00:00.000Z,0,
2026-03-13T00:00:00.000Z,0,3.6564164474839345E-5
2026-03-15T00:00:00.000Z,0,
2026-03-11T00:00:00.000Z,0,
2026-03-14T00:00:00.000Z,0,3.6993978937971406E-5
2026-03-19T00:00:00.000Z,0,2.9374985994460683E-5
2026-03-16T00:00:00.000Z,0,4.5495902668335475E-5
2026-03-21T00:00:00.000Z,0,2.7875955614338938E-5
2026-03-22T00:00:00.000Z,0,
2026-03-23T00:00:00.000Z,0,3.420095890760422E-5
2026-03-20T00:00:00.000Z,0,
2026-03-17T00:00:00.000Z,0,
2026-03-18T00:00:00.000Z,0,
2026-07-28T00:00:00.000Z,0,2.8467499305406818E-5
2026-07-24T00:00:00.000Z,0,3.6660421756096184E-5
2026-07-25T00:00:00.000Z,0,4.138077156312647E-5
2026-07-26T00:00:00.000Z,0,1.6015494566090638E-5
2026-07-22T00:00:00.000Z,0,3.9083603041945025E-5
2026-07-29T00:00:00.000Z,0,2.639722151798196E-5
2026-07-23T00:00:00.000Z,0,
2026-07-27T00:00:00.000Z,0,
2026-06-13T00:00:00.000Z,0,2.29409387202395E-5
2026-06-16T00:00:00.000Z,0,2.4558706172683742E-5
2026-06-15T00:00:00.000Z,0,4.0404860556009226E-5
2026-06-19T00:00:00.000Z,0,3.9300232856476214E-5
2026-06-18T00:00:00.000Z,0,1.822675994844758E-5
2026-06-14T00:00:00.000Z,0,2.9097792776155984E-5
2026-06-17T00:00:00.000Z,0,3.671177455544239E-5
2026-06-12T00:00:00.000Z,0,
2026-06-03T00:00:00.000Z,0,3.706047482410213E-5
2026-05-29T00:00:00.000Z,0,4.9880485676112585E-5
2026-06-02T00:00:00.000Z,0,5.3245767958287615E-5
2026-06-01T00:00:00.000Z,0,2.643454331519024E-5
2026-05-30T00:00:00.000Z,0,
2026-05-28T00:00:00.000Z,0,4.360891762189567E-5
2026-05-27T00:00:00.000Z,0,3.2743491829023696E-5
2026-05-31T00:00:00.000Z,0,2.7272646548226476E-5
2026-08-28T00:00:00.000Z,0,3.466635052973288E-5
2026-08-25T00:00:00.000Z,0,2.214264532085508E-5
2026-08-27T00:00:00.000Z,0,3.1396743906952906E-5
2026-08-24T00:00:00.000Z,0,3.7966003219480626E-5
2026-08-29T00:00:00.000Z,0,2.680207461480677E-5
2026-08-26T00:00:00.000Z,0,2.7021256755688228E-5
2026-08-30T00:00:00.000Z,0,2.6873744445765624E-5
2026-08-23T00:00:00.000Z,0,2.527717333578039E-5
2025-11-10T00:00:00.000Z,0,
2025-11-14T00:00:00.000Z,0,
2025-11-12T00:00:00.000Z,0,
2025-11-08T00:00:00.000Z,0,
2025-11-09T00:00:00.000Z,0,
2025-11-13T00:00:00.000Z,0,
2025-11-11T00:00:00.000Z,0,
2025-11-15T00:00:00.000Z,0,
2025-11-06T00:00:00.000Z,0,5.4236053983913735E-5
2025-11-03T00:00:00.000Z,0,
2025-11-05T00:00:00.000Z,0,
2025-10-31T00:00:00.000Z,0,9.176842856580455E-6
2025-11-02T00:00:00.000Z,0,7.085013294272358E-6
2025-11-04T00:00:00.000Z,0,
2025-11-07T00:00:00.000Z,0,3.111413995308491E-5
2025-11-01T00:00:00.000Z,0,
2026-02-25T00:00:00.000Z,0,
2026-02-23T00:00:00.000Z,0,
2026-02-24T00:00:00.000Z,0,
2026-02-26T00:00:00.000Z,0,
2026-02-22T00:00:00.000Z,0,
2026-02-21T00:00:00.000Z,0,
2026-02-20T00:00:00.000Z,0,3.662068866105983E-5
2026-02-27T00:00:00.000Z,0,4.183248893241398E-5
2026-06-06T00:00:00.000Z,0,
2026-06-11T00:00:00.000Z,0,3.187049878761172E-5
2026-06-05T00:00:00.000Z,0,4.48180489911465E-5
2026-06-07T00:00:00.000Z,0,3.389322682778584E-5
2026-06-10T00:00:00.000Z,0,3.5954906707047485E-5
2026-06-09T00:00:00.000Z,0,5.864306149305776E-5
2026-06-08T00:00:00.000Z,0,3.281791850895388E-5
2026-06-04T00:00:00.000Z,0,9.973234773497097E-5
2026-08-16T00:00:00.000Z,0,1.3033527352490637E-5
2026-08-21T00:00:00.000Z,0,2.1972969534544973E-5
2026-08-18T00:00:00.000Z,0,2.8246966849110322E-5
2026-08-15T00:00:00.000Z,0,2.610213778098114E-5
2026-08-19T00:00:00.000Z,0,1.857154620665824E-5
2026-08-22T00:00:00.000Z,0,1.0322517937311204E-5
2026-08-17T00:00:00.000Z,0,1.5921124941087328E-5
2026-08-20T00:00:00.000Z,0,1.766423463323008E-5
2025-12-19T00:00:00.000Z,0,
2025-12-23T00:00:00.000Z,0,3.995053339167498E-5
2025-12-18T00:00:00.000Z,0,
2025-12-25T00:00:00.000Z,0,
2025-12-21T00:00:00.000Z,0,
2025-12-24T00:00:00.000Z,0,
2025-12-20T00:00:00.000Z,0,
2025-12-22T00:00:00.000Z,0,
2026-06-22T00:00:00.000Z,0,1.9077229012509633E-5
2026-06-26T00:00:00.000Z,0,4.2818025349333766E-5
2026-06-20T00:00:00.000Z,0,2.2962836737860925E-5
2026-06-21T00:00:00.000Z,0,2.5690421807667008E-5
2026-06-27T00:00:00.000Z,0,2.6779594918480143E-5
2026-06-23T00:00:00.000Z,0,
2026-06-24T00:00:00.000Z,0,2.9449250405377825E-5
2026-06-25T00:00:00.000Z,0,2.471442348905839E-5
2025-09-03T00:00:00.000Z,0,1.6283298009511782E-5
2025-09-04T00:00:00.000Z,0,1.6437873796348867E-5
2025-09-02T00:00:00.000Z,0,-1.2930792081533582E-7
2025-08-30T00:00:00.000Z,0,
2025-08-31T00:00:00.000Z,0,1.1548314489573386E-5
2025-09-01T00:00:00.000Z,0,1.9894646356988233E-5
2025-11-20T00:00:00.000Z,0,
2025-11-19T00:00:00.000Z,0,
2025-11-17T00:00:00.000Z,0,
2025-11-22T00:00:00.000Z,0,
2025-11-23T00:00:00.000Z,0,
2025-11-18T00:00:00.000Z,0,4.061223262397107E-5
2025-11-21T00:00:00.000Z,0,
2025-11-16T00:00:00.000Z,0,
2025-09-25T00:00:00.000Z,0,1.4188745495857802E-5
2025-09-27T00:00:00.000Z,0,3.1462349397770595E-5
2025-09-23T00:00:00.000Z,0,4.054716737300623E-5
2025-09-24T00:00:00.000Z,0,3.4155794310208876E-5
2025-09-21T00:00:00.000Z,0,2.6572310616757022E-5
2025-09-22T00:00:00.000Z,0,2.633495842019329E-5
2025-09-28T00:00:00.000Z,0,9.013388904577369E-6
2025-09-26T00:00:00.000Z,0,2.1075581116747344E-5
2026-01-17T00:00:00.000Z,0,
2026-01-15T00:00:00.000Z,0,
2026-01-11T00:00:00.000Z,0,
2026-01-14T00:00:00.000Z,0,3.488983869222769E-5
2026-01-13T00:00:00.000Z,0,
2026-01-16T00:00:00.000Z,0,
2026-01-18T00:00:00.000Z,0,
2026-01-12T00:00:00.000Z,0,
2026-02-14T00:00:00.000Z,0,
2026-02-13T00:00:00.000Z,0,
2026-02-16T00:00:00.000Z,0,5.672040788340382E-5
2026-02-19T00:00:00.000Z,0,
2026-02-18T00:00:00.000Z,0,
2026-02-15T00:00:00.000Z,0,2.977118219860131E-5
2026-02-12T00:00:00.000Z,0,4.819451714865863E-5
2026-02-17T00:00:00.000Z,0,
2026-03-26T00:00:00.000Z,0,5.3809457313036546E-5
2026-03-30T00:00:00.000Z,0,2.8903769816679414E-5
2026-03-24T00:00:00.000Z,0,
2026-03-31T00:00:00.000Z,0,3.1766383472131565E-5
2026-03-28T00:00:00.000Z,0,
2026-03-27T00:00:00.000Z,0,4.5887669936443366E-5
2026-03-25T00:00:00.000Z,0,4.976696436642669E-5
2026-03-29T00:00:00.000Z,0,3.4736621728370665E-5
2026-04-16T00:00:00.000Z,0,2.4313877474924084E-5
2026-04-13T00:00:00.000Z,0,2.248653800052125E-5
2026-04-15T00:00:00.000Z,0,2.427860272291582E-5
2026-04-12T00:00:00.000Z,0,1.413049062648497E-5
2026-04-10T00:00:00.000Z,0,4.825189171242528E-5
2026-04-11T00:00:00.000Z,0,5.721829074900597E-5
2026-04-09T00:00:00.000Z,0,
2026-04-14T00:00:00.000Z,0,2.1650616417900892E-5
2026-07-21T00:00:00.000Z,0,4.031586831843015E-5
2026-07-15T00:00:00.000Z,0,1.2607333019332145E-5
2026-07-20T00:00:00.000Z,0,3.3090175444764704E-5
2026-07-17T00:00:00.000Z,0,3.1291061986848945E-5
2026-07-16T00:00:00.000Z,0,3.92704723708448E-5
2026-07-14T00:00:00.000Z,0,2.6685770535550546E-5
2026-07-19T00:00:00.000Z,0,2.3403813429467846E-5
2026-07-18T00:00:00.000Z,0,2.651512613738305E-5
2026-07-02T00:00:00.000Z,0,5.6279873206221964E-5
2026-07-04T00:00:00.000Z,0,3.3710752404658706E-5
2026-07-03T00:00:00.000Z,0,4.481423820834607E-5
2026-07-01T00:00:00.000Z,0,2.9133298596661916E-5
2026-06-29T00:00:00.000Z,0,4.302665456634713E-5
2026-06-30T00:00:00.000Z,0,5.3025838496978395E-5
2026-07-05T00:00:00.000Z,0,2.5544541585986735E-5
2026-06-28T00:00:00.000Z,0,3.0118808354018256E-5
2025-10-27T00:00:00.000Z,0,
2025-10-23T00:00:00.000Z,0,4.169878229731694E-5
2025-10-29T00:00:00.000Z,0,
2025-10-26T00:00:00.000Z,0,4.28348821515101E-5
2025-10-28T00:00:00.000Z,0,
2025-10-30T00:00:00.000Z,0,3.587388891901355E-5
2025-10-25T00:00:00.000Z,0,2.6025063107226742E-5
2025-10-24T00:00:00.000Z,0,
2026-01-01T00:00:00.000Z,0,
2025-12-29T00:00:00.000Z,0,3.864776954287663E-5
2026-01-02T00:00:00.000Z,0,4.6345716327778064E-5
2025-12-28T00:00:00.000Z,0,
2025-12-30T00:00:00.000Z,0,3.32179582377042E-5
2025-12-31T00:00:00.000Z,0,
2025-12-26T00:00:00.000Z,0,
2025-12-27T00:00:00.000Z,0,
2026-05-08T00:00:00.000Z,0,2.4734826183703262E-5
2026-05-06T00:00:00.000Z,0,2.0355266428850882E-5
2026-05-10T00:00:00.000Z,0,2.7923719244427048E-5
2026-05-03T00:00:00.000Z,0,3.317839264127542E-5
2026-05-07T00:00:00.000Z,0,3.7628115933330264E-5
2026-05-09T00:00:00.000Z,0,1.4658067811978981E-5
2026-05-04T00:00:00.000Z,0,4.287025740268291E-5
2026-05-05T00:00:00.000Z,0,1.3923868891652091E-5
2026-07-31T00:00:00.000Z,0,2.9470907065842766E-5
2026-08-01T00:00:00.000Z,0,1.8592274500406347E-5
2026-08-06T00:00:00.000Z,0,2.5257088054786436E-5
2026-07-30T00:00:00.000Z,0,3.2420138268207666E-5
2026-08-04T00:00:00.000Z,0,1.8616876332089305E-5
2026-08-05T00:00:00.000Z,0,7.2882553467934486E-6
2026-08-02T00:00:00.000Z,0,2.6674100865875516E-6
2026-08-03T00:00:00.000Z,0,2.1204164113441948E-5
2025-11-30T00:00:00.000Z,0,
2025-11-26T00:00:00.000Z,0,
2025-11-25T00:00:00.000Z,0,
2025-11-28T00:00:00.000Z,0,2.9600359994219616E-5
2025-11-29T00:00:00.000Z,0,
2025-12-01T00:00:00.000Z,0,
2025-11-27T00:00:00.000Z,0,
2025-11-24T00:00:00.000Z,0,
